_id                      ,isPb ,wpm   ,acc   ,rawWpm ,consistency ,charStats    ,mode  ,mode2 ,quoteLength ,restartCount ,testDuration ,afkDuration ,incompleteTestSeconds ,punctuation ,numbers ,language ,funbox    ,difficulty ,lazyMode ,blindMode ,bailedOut ,tags ,timestamp
66f3879066c51bbe1422dbd5 ,     ,55.3  ,78.79 , 79.45 ,      72.89 ,87;14;1;5    ,words ,   25 ,-1          ,           2 ,       18.88 ,          0 ,                 5.33 ,false       ,false   ,english  ,none      ,normal     ,false    ,false     ,false     ,     ,1727235984000
66f3877466c51bbe1422dab7 ,     ,73.94 ,90.44 , 78.19 ,      62.88 ,122;3;1;1    ,words ,   25 ,-1          ,           0 ,       19.8  ,          0 ,                 0    ,false       ,false   ,english  ,none      ,normal     ,false    ,false     ,false     ,     ,1727235956000
66f3875e66c51bbe1422d9e5 ,     ,58.53 ,91.49 , 62.78 ,      62.37 ,124;3;0;1    ,words ,   25 ,-1          ,           0 ,       25.42 ,          0 ,                 0    ,false       ,false   ,english  ,none      ,normal     ,false    ,false     ,false     ,     ,1727235934000
66f3874466c51bbe1422d8d0 ,     ,67.8  ,95.49 , 67.8  ,      55.6  ,127;0;0;0    ,words ,   25 ,-1          ,           0 ,       22.48 ,          0 ,                 0    ,false       ,false   ,english  ,none      ,normal     ,false    ,false     ,false     ,     ,1727235908000
66f3872c66c51bbe1422d7e9 ,     ,68.03 ,92.37 , 71.49 ,      69.63 ,118;2;0;0    ,words ,   25 ,-1          ,           0 ,       20.81 ,          0 ,                 0    ,false       ,false   ,english  ,none      ,normal     ,false    ,false     ,false     ,     ,1727235884000
66f3871666c51bbe1422d6fc ,     ,60.22 ,92.65 , 62.71 ,      62.85 ,121;0;0;1    ,words ,   25 ,-1          ,           0 ,       24.11 ,          0 ,                 0    ,false       ,false   ,english  ,none      ,normal     ,false    ,false     ,false     ,     ,1727235862000
66f386fd66c51bbe1422d609 ,     ,57.67 ,89.29 , 59.58 ,      52.02 ,121;0;0;1    ,words ,   25 ,-1          ,           0 ,       25.18 ,          0 ,                 0    ,false       ,false   ,english  ,none      ,normal     ,false    ,false     ,false     ,     ,1727235837000
66f386e266c51bbe1422d505 ,     ,69.37 ,88.03 , 69.37 ,      66.79 ,125;0;0;0    ,words ,   25 ,-1          ,           0 ,       21.62 ,          0 ,                 0    ,false       ,false   ,english  ,none      ,normal     ,false    ,false     ,false     ,     ,1727235810000
66f386cb66c51bbe1422d410 ,     ,69.19 ,91.11 , 72.67 ,      63.84 ,119;2;0;0    ,words ,   25 ,-1          ,           0 ,       20.64 ,          0 ,                 0    ,false       ,false   ,english  ,none      ,normal     ,false    ,false     ,false     ,     ,1727235787000
66f386b566c51bbe1422d327 ,     ,53.91 ,84.83 , 58.09 ,      64.96 ,116;2;0;1    ,words ,   25 ,-1          ,           0 ,       25.82 ,          0 ,                 0    ,false       ,false   ,english  ,none      ,normal     ,false    ,false     ,false     ,     ,1727235765000
66f3869a66c51bbe1422d20f ,     ,59.49 ,91.11 , 59.49 ,      49.33 ,121;0;0;0    ,words ,   25 ,-1          ,           0 ,       24.41 ,          0 ,                 0    ,false       ,false   ,english  ,none      ,normal     ,false    ,false     ,false     ,     ,1727235738000
66f3868066c51bbe1422d111 ,     ,53.61 ,84.14 , 65.52 ,      57.8  ,108;5;1;4    ,words ,   25 ,-1          ,           0 ,       24.18 ,          0 ,                 0    ,false       ,false   ,english  ,none      ,normal     ,false    ,false     ,false     ,     ,1727235712000
66f3865366c51bbe1422cf3e ,     ,66.29 ,90    , 74.16 ,      67.68 ,118;3;0;1    ,words ,   25 ,-1          ,           2 ,       21.36 ,          0 ,                23.45 ,false       ,false   ,english  ,none      ,normal     ,false    ,false     ,false     ,     ,1727235667000
66f3862166c51bbe1422ccf8 ,     ,64.3  ,89.66 , 66.81 ,      55.28 ,128;3;0;1    ,words ,   25 ,-1          ,           0 ,       23.89 ,          0 ,                 0    ,false       ,false   ,english  ,none      ,normal     ,false    ,false     ,false     ,     ,1727235617000
66f3860866c51bbe1422cbed ,     ,64.48 ,84.81 , 77.26 ,      57.93 ,121;7;2;2    ,words ,   25 ,-1          ,           2 ,       22.52 ,          0 ,                 4.58 ,false       ,false   ,english  ,none      ,normal     ,false    ,false     ,false     ,     ,1727235592000
66f385ea66c51bbe1422ca95 ,     ,63.98 ,91.27 , 73.92 ,      60.15 ,103;2;0;2    ,words ,   25 ,-1          ,           1 ,       19.32 ,          0 ,                 3.57 ,false       ,false   ,english  ,none      ,normal     ,false    ,false     ,false     ,     ,1727235561000
66f385ce66c51bbe1422c973 ,     ,88.55 ,97.78 , 88.55 ,      78.93 ,131;0;0;0    ,words ,   25 ,-1          ,           1 ,       17.75 ,          0 ,                 3.35 ,false       ,false   ,english  ,none      ,normal     ,false    ,false     ,false     ,     ,1727235534000
66f385b766c51bbe1422c88f ,     ,65.41 ,90.65 , 70.91 ,      57.7  ,119;2;0;0    ,words ,   25 ,-1          ,           0 ,       21.83 ,          0 ,                 0    ,false       ,false   ,english  ,none      ,normal     ,false    ,false     ,false     ,     ,1727235511000
66f385a066c51bbe1422c79a ,     ,74.57 ,93.89 , 77.04 ,      64.38 ,121;0;1;0    ,words ,   25 ,-1          ,           4 ,       19.47 ,          0 ,                30.99 ,false       ,false   ,english  ,none      ,normal     ,false    ,false     ,false     ,     ,1727235488000
66f3856366c51bbe1422c552 ,     ,79.84 ,93.33 , 90.59 ,      68.99 ,104;2;1;2    ,words ,   25 ,-1          ,           0 ,       15.63 ,          0 ,                 0    ,false       ,false   ,english  ,none      ,normal     ,false    ,false     ,false     ,     ,1727235427000
66f3854f66c51bbe1422c495 ,     ,87.69 ,97.73 , 93.35 ,      83.29 ,124;2;0;0    ,words ,   25 ,-1          ,           0 ,       16.97 ,          0 ,                 0    ,false       ,false   ,english  ,none      ,normal     ,false    ,false     ,false     ,     ,1727235407000
66f3853566c51bbe1422c3a0 ,     ,82.07 ,97.14 , 86.49 ,      71.08 ,130;1;0;0    ,words ,   25 ,-1          ,           0 ,       19.01 ,          0 ,                 0    ,false       ,false   ,english  ,none      ,normal     ,false    ,false     ,false     ,     ,1727235381000
66f3852066c51bbe1422c2ca ,     ,62.58 ,87.32 , 65.69 ,      56.42 ,121;1;1;0    ,words ,   25 ,-1          ,           0 ,       23.2  ,          0 ,                 0    ,false       ,false   ,english  ,none      ,normal     ,false    ,false     ,false     ,     ,1727235360000
66f3850766c51bbe1422c1d6 ,     ,69.8  ,86.13 , 78.52 ,      60.24 ,112;4;1;2    ,words ,   25 ,-1          ,           0 ,       19.26 ,          0 ,                 0    ,false       ,false   ,english  ,none      ,normal     ,false    ,false     ,false     ,     ,1727235335000
66f384ee66c51bbe1422c0e5 ,     ,86.82 ,94.49 , 92.06 ,      61.03 ,116;2;0;0    ,words ,   25 ,-1          ,           3 ,       16.03 ,          0 ,                 6.48 ,false       ,false   ,english  ,none      ,normal     ,false    ,false     ,false     ,     ,1727235310000
66f384d066c51bbe1422bfbb ,     ,58.24 ,78.01 , 77.06 ,      61.25 ,99;11;4;2    ,words ,   25 ,-1          ,           0 ,       20.4  ,          0 ,                 0    ,false       ,false   ,english  ,none      ,normal     ,false    ,false     ,false     ,     ,1727235280000
66f384bc66c51bbe1422becc ,     ,79.05 ,95.35 , 79.05 ,      75.14 ,123;0;0;0    ,words ,   25 ,-1          ,           2 ,       18.67 ,          0 ,                 3.44 ,false       ,false   ,english  ,none      ,normal     ,false    ,false     ,false     ,     ,1727235260000
66f384a066c51bbe1422bdc1 ,     ,67.19 ,88.89 , 70.23 ,      59.5  ,133;3;0;1    ,words ,   25 ,-1          ,           1 ,       23.75 ,          0 ,                 0.21 ,false       ,false   ,english  ,none      ,normal     ,false    ,false     ,false     ,     ,1727235232000
66f3848666c51bbe1422bc6f ,     ,64.29 ,87.69 , 75.92 ,      61.55 ,105;4;2;1    ,words ,   25 ,-1          ,           0 ,       19.6  ,          0 ,                 0    ,false       ,false   ,english  ,none      ,normal     ,false    ,false     ,false     ,     ,1727235206000
66f3847166c51bbe1422bbaa ,     ,65.87 ,92.96 , 65.87 ,      51.12 ,132;0;0;0    ,words ,   25 ,-1          ,           0 ,       24.05 ,          1 ,                 0    ,false       ,false   ,english  ,none      ,normal     ,false    ,false     ,false     ,     ,1727235185000
66f3845866c51bbe1422bacd ,     ,62.3  ,91.61 , 65.24 ,      59.09 ,127;0;1;0    ,words ,   25 ,-1          ,           0 ,       24.46 ,          0 ,                 0    ,false       ,false   ,english  ,none      ,normal     ,false    ,false     ,false     ,     ,1727235160000
66f3843e66c51bbe1422b9ba ,     ,70.57 ,95.71 , 72.21 ,      69.6  ,129;0;0;1    ,words ,   25 ,-1          ,           0 ,       21.94 ,          0 ,                 0    ,false       ,false   ,english  ,none      ,normal     ,false    ,false     ,false     ,     ,1727235134000
66f3842766c51bbe1422b8c4 ,     ,62.13 ,90.6  , 62.13 ,      59.16 ,134;0;0;0    ,words ,   25 ,-1          ,           0 ,       25.88 ,          0 ,                 0    ,false       ,false   ,english  ,none      ,normal     ,false    ,false     ,false     ,     ,1727235111000
66f3840c66c51bbe1422b7a3 ,     ,67.21 ,94.29 , 69.29 ,      52.18 ,129;0;0;1    ,words ,   25 ,-1          ,           0 ,       23.03 ,          0 ,                 0    ,false       ,false   ,english  ,none      ,normal     ,false    ,false     ,false     ,     ,1727235084000
66f383f366c51bbe1422b6bf ,     ,58.98 ,87.79 , 66.15 ,      71.06 ,107;2;1;0    ,words ,   25 ,-1          ,           0 ,       21.77 ,          0 ,                 0    ,false       ,false   ,english  ,none      ,normal     ,false    ,false     ,false     ,     ,1727235059000
66f383dc66c51bbe1422b5be ,     ,56.12 ,87.94 , 61.97 ,      53.51 ,115;1;0;1    ,words ,   25 ,-1          ,           1 ,       24.59 ,          0 ,                16.03 ,false       ,false   ,english  ,none      ,normal     ,false    ,false     ,false     ,     ,1727235036000
66f383b066c51bbe1422b3e3 ,     ,75.1  ,93.85 , 75.1  ,      66.48 ,121;0;0;0    ,words ,   25 ,-1          ,           0 ,       19.34 ,          0 ,                 0    ,false       ,false   ,english  ,none      ,normal     ,false    ,false     ,false     ,     ,1727234992000
66f3839c66c51bbe1422b302 ,     ,57.33 ,88.59 , 59.12 ,      59.94 ,128;0;0;1    ,words ,   25 ,-1          ,           1 ,       26.79 ,          0 ,                 7.39 ,false       ,false   ,english  ,none      ,normal     ,false    ,false     ,false     ,     ,1727234972000
66f3837766c51bbe1422b19b ,     ,56.93 ,92.54 , 59.3  ,      61.7  ,120;1;0;1    ,words ,   25 ,-1          ,           0 ,       25.29 ,          0 ,                 0    ,false       ,false   ,english  ,none      ,normal     ,false    ,false     ,false     ,     ,1727234935000
66f3835c66c51bbe1422b098 ,     ,64.74 ,92.09 , 67.85 ,      61.42 ,125;2;1;0    ,words ,   25 ,-1          ,           0 ,       23.17 ,          0 ,                 0    ,false       ,false   ,english  ,none      ,normal     ,false    ,false     ,false     ,     ,1727234908000
66f3834566c51bbe1422af88 ,     ,45.74 ,78.1  , 58.39 ,      53.45 ,94;9;1;3     ,words ,   25 ,-1          ,           0 ,       24.66 ,          0 ,                 0    ,false       ,false   ,english  ,none      ,normal     ,false    ,false     ,false     ,     ,1727234885000
66f18bf966c51bbe1409a71a ,     ,50.74 ,81.65 , 55.43 ,      60.39 ,119;3;0;1    ,words ,   25 ,-1          ,           0 ,       28.14 ,          0 ,                 0    ,false       ,false   ,english  ,none      ,normal     ,false    ,false     ,false     ,     ,1727106041000
66f18bdc66c51bbe1409a4da ,     ,58.96 ,86.09 , 61.77 ,      60.54 ,126;2;0;0    ,words ,   25 ,-1          ,           0 ,       25.65 ,          0 ,                 0    ,false       ,false   ,english  ,none      ,normal     ,false    ,false     ,false     ,     ,1727106012000
66f18bc166c51bbe1409a2a0 ,     ,67.31 ,92.2  , 70.51 ,      65.89 ,126;1;0;0    ,words ,   25 ,-1          ,           0 ,       22.46 ,          0 ,                 0    ,false       ,false   ,english  ,none      ,normal     ,false    ,false     ,false     ,     ,1727105985000
66f18ba966c51bbe1409a0a2 ,     ,59.98 ,86.33 , 68.47 ,      58    ,113;5;1;0    ,words ,   25 ,-1          ,           0 ,       22.61 ,          0 ,                 0    ,false       ,false   ,english  ,none      ,normal     ,false    ,false     ,false     ,     ,1727105961000
66f18b9266c51bbe14099ecd ,     ,60.92 ,92.86 , 60.92 ,      58.8  ,128;0;0;0    ,words ,   25 ,-1          ,           0 ,       25.22 ,          0 ,                 0    ,false       ,false   ,english  ,none      ,normal     ,false    ,false     ,false     ,     ,1727105938000
66f18b7766c51bbe14099c65 ,     ,81.72 ,94.53 , 85.18 ,      71.15 ,118;2;0;0    ,words ,   25 ,-1          ,           0 ,       17.33 ,          0 ,                 0    ,false       ,false   ,english  ,none      ,normal     ,false    ,false     ,false     ,     ,1727105911000
66f18b6566c51bbe14099aed ,     ,77.5  ,96.12 , 77.5  ,      65.87 ,124;0;0;0    ,words ,   25 ,-1          ,           0 ,       19.2  ,          0 ,                 0    ,false       ,false   ,english  ,none      ,normal     ,false    ,false     ,false     ,     ,1727105893000
66f18b5166c51bbe14099921 ,     ,70.7  ,91.37 , 73.53 ,      63.55 ,125;2;0;0    ,words ,   25 ,-1          ,           0 ,       21.22 ,          0 ,                 0    ,false       ,false   ,english  ,none      ,normal     ,false    ,false     ,false     ,     ,1727105873000
66f18b3a66c51bbe14099744 ,     ,60.51 ,95.83 , 60.51 ,      51.42 ,138;0;0;0    ,words ,   25 ,-1          ,           1 ,       27.37 ,          0 ,                 7.72 ,false       ,false   ,english  ,none      ,normal     ,false    ,false     ,false     ,     ,1727105850000
66f18b1566c51bbe14099439 ,     ,62.06 ,94.89 , 62.06 ,      56.46 ,130;0;0;0    ,words ,   25 ,-1          ,           0 ,       25.14 ,          0 ,                 0    ,false       ,false   ,english  ,none      ,normal     ,false    ,false     ,false     ,     ,1727105812000
66f18afa66c51bbe1409920e ,     ,71.51 ,96.24 , 71.51 ,      64.23 ,127;0;0;0    ,words ,   25 ,-1          ,           0 ,       21.31 ,          0 ,                 0    ,false       ,false   ,english  ,none      ,normal     ,false    ,false     ,false     ,     ,1727105786000
66f18ae566c51bbe1409905b ,     ,65.79 ,95.31 , 69.19 ,      58.69 ,116;0;0;1    ,words ,   25 ,-1          ,           0 ,       21.16 ,          0 ,                 0    ,false       ,false   ,english  ,none      ,normal     ,false    ,false     ,false     ,     ,1727105765000
66f142aa66c51bbe14051135 ,     ,66.33 ,88.39 , 69.77 ,      59.22 ,135;3;1;0    ,words ,   25 ,-1          ,           0 ,       24.42 ,          0 ,                 0    ,false       ,false   ,english  ,none      ,normal     ,false    ,false     ,false     ,     ,1727087274000
66f136ea66c51bbe140490ce ,     ,56.57 ,90.23 , 62.12 ,      59.79 ,112;2;1;0    ,words ,   25 ,-1          ,           0 ,       23.76 ,          0 ,                 0    ,false       ,false   ,english  ,none      ,normal     ,false    ,false     ,false     ,     ,1727084266000
66f136d266c51bbe14048fc6 ,     ,42.32 ,85.37 , 43.55 ,      51.37 ,138;2;0;1    ,words ,   25 ,-1          ,           0 ,       39.13 ,          0 ,                 0    ,false       ,false   ,english  ,none      ,normal     ,false    ,false     ,false     ,     ,1727084242000
66f136a966c51bbe14048e1f ,     ,54.47 ,90.28 , 54.47 ,      67.59 ,130;0;0;0    ,words ,   25 ,-1          ,           0 ,       28.64 ,          0 ,                 0    ,false       ,false   ,english  ,none      ,normal     ,false    ,false     ,false     ,     ,1727084201000
66f1368b66c51bbe14048ce4 ,     ,56.81 ,92.7  , 56.81 ,      59.83 ,126;0;0;0    ,words ,   25 ,-1          ,           0 ,       26.62 ,          0 ,                 0    ,false       ,false   ,english  ,none      ,normal     ,false    ,false     ,false     ,     ,1727084171000
66f1366f66c51bbe14048bde ,     ,64.3  ,90.6  , 64.3  ,      61.91 ,131;0;0;0    ,words ,   25 ,-1          ,           0 ,       24.45 ,          0 ,                 0    ,false       ,false   ,english  ,none      ,normal     ,false    ,false     ,false     ,     ,1727084143000
66f1365566c51bbe14048aea ,     ,58.59 ,93.33 , 58.59 ,      54.1  ,123;0;0;0    ,words ,   25 ,-1          ,           0 ,       25.19 ,          0 ,                 0    ,false       ,false   ,english  ,none      ,normal     ,false    ,false     ,false     ,     ,1727084117000
66f1363a66c51bbe140489de ,     ,48.12 ,88.68 , 48.12 ,      58.04 ,139;0;0;0    ,words ,   25 ,-1          ,           0 ,       34.66 ,          0 ,                 0    ,false       ,false   ,english  ,none      ,normal     ,false    ,false     ,false     ,     ,1727084090000
66f1361666c51bbe1404886b ,     ,21.45 ,88.24 , 21.45 ,       0.61 ,132;0;0;0    ,words ,   25 ,-1          ,           0 ,       73.86 ,         43 ,                 0    ,false       ,false   ,english  ,none      ,normal     ,false    ,false     ,false     ,     ,1727084054000
66f135c366c51bbe140484d8 ,     ,58.16 ,94.85 , 60    ,      60.11 ,126;0;0;1    ,words ,   25 ,-1          ,           0 ,       26    ,          1 ,                 0    ,false       ,false   ,english  ,none      ,normal     ,false    ,false     ,false     ,     ,1727083971000
66f135a866c51bbe140483c9 ,     ,68.4  ,95.52 , 68.4  ,      70.21 ,128;0;0;0    ,words ,   25 ,-1          ,           0 ,       22.46 ,          0 ,                 0    ,false       ,false   ,english  ,none      ,normal     ,false    ,false     ,false     ,     ,1727083944000
66f1359066c51bbe140482ae ,     ,48.07 ,90.21 , 51.22 ,      50.94 ,122;0;0;2    ,words ,   25 ,-1          ,           0 ,       30.46 ,          1 ,                 0    ,false       ,false   ,english  ,none      ,normal     ,false    ,false     ,false     ,     ,1727083920000
66f1357066c51bbe1404812d ,     ,64.53 ,95.56 , 64.53 ,      64.35 ,127;0;0;0    ,words ,   25 ,-1          ,           0 ,       23.62 ,          0 ,                 0    ,false       ,false   ,english  ,none      ,normal     ,false    ,false     ,false     ,     ,1727083888000
66f1355766c51bbe14048015 ,     ,52.3  ,93.53 , 52.3  ,      54.28 ,128;0;0;0    ,words ,   25 ,-1          ,           0 ,       29.37 ,          0 ,                 0    ,false       ,false   ,english  ,none      ,normal     ,false    ,false     ,false     ,     ,1727083863000
66f1353866c51bbe14047ea6 ,     ,62.44 ,96.85 , 62.44 ,      60.27 ,123;0;0;0    ,words ,   25 ,-1          ,           0 ,       23.64 ,          0 ,                 0    ,false       ,false   ,english  ,none      ,normal     ,false    ,false     ,false     ,     ,1727083832000
66f1351f66c51bbe14047d7e ,     ,73.72 ,98.53 , 73.72 ,      69.69 ,132;0;0;0    ,words ,   25 ,-1          ,           0 ,       21.49 ,          0 ,                 0    ,false       ,false   ,english  ,none      ,normal     ,false    ,false     ,false     ,     ,1727083807000
66f1350266c51bbe14047c1f ,     ,48.8  ,89.51 , 51.22 ,      51.34 ,121;2;0;0    ,words ,   25 ,-1          ,           0 ,       29.75 ,          0 ,                 0    ,false       ,false   ,english  ,none      ,normal     ,false    ,false     ,false     ,     ,1727083778000
66f134e266c51bbe14047a95 ,     ,53.95 ,88.73 , 55.71 ,      53.54 ,123;0;1;0    ,words ,   25 ,-1          ,           0 ,       27.36 ,          0 ,                 0    ,false       ,false   ,english  ,none      ,normal     ,false    ,false     ,false     ,     ,1727083746000
66f134c666c51bbe14047942 ,     ,45    ,89.47 , 46.36 ,      56.76 ,133;0;1;0    ,words ,   25 ,-1          ,           0 ,       35.47 ,          0 ,                 0    ,false       ,false   ,english  ,none      ,normal     ,false    ,false     ,false     ,     ,1727083718000
66f134a166c51bbe140477c3 ,     ,65.96 ,96.45 , 68.45 ,      63.89 ,132;0;0;1    ,words ,   25 ,-1          ,           0 ,       24.02 ,          0 ,                 0    ,false       ,false   ,english  ,none      ,normal     ,false    ,false     ,false     ,     ,1727083681000
66f1348866c51bbe140476bd ,     ,51.65 ,91.18 , 52.94 ,      50.76 ,120;0;0;1    ,words ,   25 ,-1          ,           0 ,       27.88 ,          0 ,                 0    ,false       ,false   ,english  ,none      ,normal     ,false    ,false     ,false     ,     ,1727083656000
66f1346a66c51bbe1404757e ,     ,47.54 ,89.12 , 47.54 ,      54.58 ,131;0;0;0    ,words ,   25 ,-1          ,           0 ,       33.06 ,          0 ,                 0    ,false       ,false   ,english  ,none      ,normal     ,false    ,false     ,false     ,     ,1727083626000
66f1344866c51bbe140473f9 ,     ,69.08 ,99.26 , 69.08 ,      58.75 ,133;0;0;0    ,words ,   25 ,-1          ,           0 ,       23.1  ,          0 ,                 0    ,false       ,false   ,english  ,none      ,normal     ,false    ,false     ,false     ,     ,1727083592000
66f1342c66c51bbe140472c9 ,     ,64.59 ,96.18 , 64.59 ,      60.8  ,125;0;0;0    ,words ,   25 ,-1          ,           0 ,       23.22 ,          0 ,                 0    ,false       ,false   ,english  ,none      ,normal     ,false    ,false     ,false     ,     ,1727083564000
66f1341366c51bbe140471c2 ,     ,62.03 ,97.79 , 62.03 ,      62.59 ,133;0;0;0    ,words ,   25 ,-1          ,           0 ,       25.73 ,          0 ,                 0    ,false       ,false   ,english  ,none      ,normal     ,false    ,false     ,false     ,     ,1727083539000
66f133f866c51bbe140470a3 ,     ,52.72 ,93.13 , 52.72 ,      55.15 ,149;0;0;0    ,words ,   25 ,-1          ,           0 ,       33.91 ,          0 ,                 0    ,false       ,false   ,english  ,none      ,normal     ,false    ,false     ,false     ,     ,1727083512000
66f133d566c51bbe14046f01 ,     ,53.86 ,91.49 , 53.86 ,      59.67 ,128;0;0;0    ,words ,   25 ,-1          ,           0 ,       28.52 ,          0 ,                 0    ,false       ,false   ,english  ,none      ,normal     ,false    ,false     ,false     ,     ,1727083477000
66f133b766c51bbe14046db8 ,     ,65.77 ,94.07 , 67.89 ,      69.75 ,124;0;1;0    ,words ,   25 ,-1          ,           0 ,       22.62 ,          0 ,                 0    ,false       ,false   ,english  ,none      ,normal     ,false    ,false     ,false     ,     ,1727083447000
66f1339f66c51bbe14046ca9 ,     ,48.13 ,86.3  , 49.71 ,      61.81 ,122;1;0;1    ,words ,   25 ,-1          ,           0 ,       30.42 ,          0 ,                 0    ,false       ,false   ,english  ,none      ,normal     ,false    ,false     ,false     ,     ,1727083423000
66f1337966c51bbe14046b0d ,     ,66.42 ,95.59 , 66.42 ,      67.12 ,130;0;0;0    ,words ,   25 ,-1          ,           0 ,       23.49 ,          0 ,                 0    ,false       ,false   ,english  ,none      ,normal     ,false    ,false     ,false     ,     ,1727083385000
66f1336066c51bbe140469f7 ,     ,59.64 ,92.25 , 59.64 ,      55.06 ,131;0;0;0    ,words ,   25 ,-1          ,           0 ,       26.36 ,          0 ,                 0    ,false       ,false   ,english  ,none      ,normal     ,false    ,false     ,false     ,     ,1727083360000
66f1334466c51bbe140468b3 ,     ,58    ,95.1  , 58    ,      54.63 ,131;0;0;0    ,words ,   25 ,-1          ,           0 ,       27.1  ,          0 ,                 0    ,false       ,false   ,english  ,none      ,normal     ,false    ,false     ,false     ,     ,1727083332000
66f1332866c51bbe14046778 ,     ,72.19 ,95.04 , 72.19 ,      63.06 ,114;0;0;0    ,words ,   25 ,-1          ,           0 ,       18.95 ,          0 ,                 0    ,false       ,false   ,english  ,none      ,normal     ,false    ,false     ,false     ,     ,1727083304000
66f1331466c51bbe1404668d ,     ,52.5  ,87.01 , 52.5  ,      48.62 ,132;0;0;0    ,words ,   25 ,-1          ,           0 ,       30.17 ,          0 ,                 0    ,false       ,false   ,english  ,none      ,normal     ,false    ,false     ,false     ,     ,1727083284000
66f132f466c51bbe140464fd ,     ,39.28 ,84.67 , 39.28 ,      46.59 ,116;0;0;0    ,words ,   25 ,-1          ,           0 ,       35.44 ,          3 ,                 0    ,false       ,false   ,english  ,none      ,normal     ,false    ,false     ,false     ,     ,1727083252000
66f132cf66c51bbe1404634b ,     ,62.7  ,95    , 62.7  ,      72.23 ,133;0;0;0    ,words ,   25 ,-1          ,           1 ,       25.46 ,          0 ,                 3.35 ,false       ,false   ,english  ,none      ,normal     ,false    ,false     ,false     ,     ,1727083215000
66f132af66c51bbe140461d3 ,     ,63.36 ,95.74 , 63.36 ,      60.52 ,135;0;0;0    ,words ,   25 ,-1          ,           0 ,       25.57 ,          0 ,                 0    ,false       ,false   ,english  ,none      ,normal     ,false    ,false     ,false     ,     ,1727083183000
66f1329366c51bbe14046068 ,     ,59.43 ,95.45 , 59.43 ,      67.26 ,126;0;0;0    ,words ,   25 ,-1          ,           0 ,       25.44 ,          0 ,                 0    ,false       ,false   ,english  ,none      ,normal     ,false    ,false     ,false     ,     ,1727083155000
66f1327866c51bbe14045f36 ,     ,51.78 ,87.76 , 51.78 ,      44.13 ,127;0;0;0    ,words ,   25 ,-1          ,           0 ,       29.43 ,          1 ,                 0    ,false       ,false   ,english  ,none      ,normal     ,false    ,false     ,false     ,     ,1727083128000
66f1325966c51bbe14045ded ,     ,52.62 ,93.8  , 52.62 ,      61.47 ,118;0;0;0    ,words ,   25 ,-1          ,           0 ,       26.91 ,          0 ,                 0    ,false       ,false   ,english  ,none      ,normal     ,false    ,false     ,false     ,     ,1727083097000
66f1323d66c51bbe14045ca9 ,     ,54.79 ,92.13 , 54.79 ,      55.94 ,116;0;0;0    ,words ,   25 ,-1          ,           0 ,       25.41 ,          0 ,                 0    ,false       ,false   ,english  ,none      ,normal     ,false    ,false     ,false     ,     ,1727083069000
66f1322266c51bbe14045b71 ,     ,63.04 ,93.15 , 64.94 ,      65.41 ,133;1;0;0    ,words ,   25 ,-1          ,           0 ,       25.32 ,          0 ,                 0    ,false       ,false   ,english  ,none      ,normal     ,false    ,false     ,false     ,     ,1727083042000
66ee397c66c51bbe14e8c1c3 ,     ,42.42 ,85.61 , 52.58 ,      54.05 ,96;4;0;3     ,words ,   25 ,-1          ,           1 ,       27.16 ,          0 ,                 2.62 ,false       ,false   ,english  ,none      ,normal     ,false    ,false     ,false     ,     ,1726888316000
66ee395c66c51bbe14e8c0ba ,     ,54    ,92.21 , 58.44 ,      54.78 ,134;1;0;2    ,words ,   25 ,-1          ,           0 ,       29.78 ,          1 ,                 0    ,false       ,false   ,english  ,none      ,normal     ,false    ,false     ,false     ,     ,1726888284000
66ee393d66c51bbe14e8bfad ,     ,61.18 ,93.94 , 62.67 ,      59.4  ,123;2;0;1    ,words ,   25 ,-1          ,           0 ,       24.13 ,          0 ,                 0    ,false       ,false   ,english  ,none      ,normal     ,false    ,false     ,false     ,     ,1726888253000
66ee392366c51bbe14e8bed6 ,     ,45.99 ,86.36 , 49.82 ,      44.99 ,108;4;0;1    ,words ,   25 ,-1          ,           1 ,       28.18 ,          0 ,                 1.88 ,false       ,false   ,english  ,none      ,normal     ,false    ,false     ,false     ,     ,1726888227000
66ee2f2566c51bbe14e870a6 ,     ,40    ,93.94 , 40    ,      44.67 ,124;0;0;0    ,words ,   25 ,-1          ,           4 ,       37.2  ,          3 ,                34.75 ,false       ,false   ,english  ,none      ,normal     ,false    ,false     ,false     ,     ,1726885668000
66ee2ea366c51bbe14e86cf2 ,     ,54.41 ,88.72 , 58.7  ,      53.95 ,114;5;1;0    ,words ,   25 ,-1          ,           0 ,       25.14 ,          0 ,                 0    ,false       ,false   ,english  ,none      ,normal     ,false    ,false     ,false     ,     ,1726885539000
66ee2e8966c51bbe14e86c38 ,     ,64.59 ,93.15 , 67.09 ,      67.13 ,129;2;0;0    ,words ,   25 ,-1          ,           2 ,       23.97 ,          0 ,                 3.36 ,false       ,false   ,english  ,none      ,normal     ,false    ,false     ,false     ,     ,1726885513000
66ee2e4566c51bbe14e86a49 ,     ,53.91 ,91.42 , 55.96 ,      55.93 ,1211;8;2;4   ,words ,  240 ,-1          ,           0 ,      269.55 ,          3 ,                 0    ,false       ,false   ,english  ,none      ,normal     ,false    ,false     ,false     ,     ,1726885445000
66ed007466c51bbe14da05a9 ,true ,58.48 ,89.4  , 64.34 ,      59.82 ,1127;27;6;14 ,words ,  240 ,-1          ,           2 ,      231.25 ,          0 ,                 1.59 ,false       ,false   ,english  ,none      ,normal     ,false    ,false     ,false     ,     ,1726808180000
66ecff8466c51bbe14d9fcbc ,true ,57.41 ,90.03 , 61.73 ,      61.03 ,1182;18;2;8  ,words ,  240 ,-1          ,           3 ,      247.08 ,          2 ,                 6.69 ,false       ,false   ,english  ,none      ,normal     ,false    ,false     ,false     ,     ,1726807940000
66ecfe3f66c51bbe14d9f088 ,     ,58.74 ,88.19 , 64.17 ,      60.96 ,119;4;1;1    ,words ,   25 ,-1          ,           3 ,       24.31 ,          0 ,                 3.26 ,false       ,false   ,english  ,none      ,normal     ,false    ,false     ,false     ,     ,1726807615000
66ecfe1c66c51bbe14d9ef30 ,     ,72.74 ,91.03 , 77.32 ,      63.26 ,127;2;0;0    ,words ,   25 ,-1          ,           0 ,       20.95 ,          0 ,                 0    ,false       ,false   ,english  ,none      ,normal     ,false    ,false     ,false     ,     ,1726807579000
66ecfe0566c51bbe14d9ee54 ,     ,80.98 ,96.64 , 89.3  ,      78.69 ,107;0;1;1    ,words ,   25 ,-1          ,           0 ,       15.86 ,          0 ,                 0    ,false       ,false   ,english  ,none      ,normal     ,false    ,false     ,false     ,     ,1726807557000
66ecfdf366c51bbe14d9ed9b ,     ,59.48 ,88.75 , 64.44 ,      46.55 ,132;1;0;3    ,words ,   25 ,-1          ,           0 ,       26.63 ,          0 ,                 0    ,false       ,false   ,english  ,none      ,normal     ,false    ,false     ,false     ,     ,1726807539000
66ecfdd666c51bbe14d9ec8b ,     ,56.16 ,82.55 , 68.8  ,      65.72 ,111;8;2;3    ,words ,   25 ,-1          ,           0 ,       23.72 ,          0 ,                 0    ,false       ,false   ,english  ,none      ,normal     ,false    ,false     ,false     ,     ,1726807510000
66ecfd9166c51bbe14d9e9c0 ,     ,62.33 ,88.11 , 69.14 ,      65.45 ,119;4;0;2    ,words ,   25 ,-1          ,           0 ,       22.91 ,          0 ,                 0    ,false       ,false   ,english  ,none      ,normal     ,false    ,false     ,false     ,     ,1726807441000
66ecfd7866c51bbe14d9e8e6 ,true ,88.85 ,95.56 , 88.85 ,      67.88 ,129;0;0;0    ,words ,   25 ,-1          ,           0 ,       17.42 ,          0 ,                 0    ,false       ,false   ,english  ,none      ,normal     ,false    ,false     ,false     ,     ,1726807416000
66ecfd6666c51bbe14d9e831 ,     ,66.75 ,92.62 , 66.75 ,      56.67 ,137;0;0;0    ,words ,   25 ,-1          ,           0 ,       24.63 ,          0 ,                 0    ,false       ,false   ,english  ,none      ,normal     ,false    ,false     ,false     ,     ,1726807398000
66ecfd4c66c51bbe14d9e73e ,     ,57.26 ,91.67 , 57.26 ,      64.57 ,132;0;0;0    ,words ,   25 ,-1          ,           0 ,       27.66 ,          0 ,                 0    ,false       ,false   ,english  ,none      ,normal     ,false    ,false     ,false     ,     ,1726807372000
66ecfd2f66c51bbe14d9e645 ,     ,53.77 ,89.19 , 53.77 ,      56.2  ,124;0;0;0    ,words ,   25 ,-1          ,           0 ,       27.67 ,          0 ,                 0    ,false       ,false   ,english  ,none      ,normal     ,false    ,false     ,false     ,     ,1726807343000
66ecfd1266c51bbe14d9e523 ,     ,72.76 ,93.92 , 72.76 ,      63.78 ,138;0;0;0    ,words ,   25 ,-1          ,           1 ,       22.76 ,          0 ,                 3.94 ,false       ,false   ,english  ,none      ,normal     ,false    ,false     ,false     ,     ,1726807314000
66ecfcf666c51bbe14d9e410 ,     ,52.75 ,87.12 , 62.48 ,      61.81 ,103;3;0;2    ,words ,   25 ,-1          ,           0 ,       23.43 ,          0 ,                 0    ,false       ,false   ,english  ,none      ,normal     ,false    ,false     ,false     ,     ,1726807286000
66ecfcdd66c51bbe14d9e31a ,     ,65.84 ,94.78 , 65.84 ,      60.26 ,125;0;0;0    ,words ,   25 ,-1          ,           0 ,       22.78 ,          0 ,                 0    ,false       ,false   ,english  ,none      ,normal     ,false    ,false     ,false     ,     ,1726807261000
66ecfcc566c51bbe14d9e242 ,     ,74.91 ,96.97 , 74.91 ,      71.62 ,128;0;0;0    ,words ,   25 ,-1          ,           0 ,       20.51 ,          0 ,                 0    ,false       ,false   ,english  ,none      ,normal     ,false    ,false     ,false     ,     ,1726807237000
66ecfcaf66c51bbe14d9e184 ,     ,58.66 ,91.2  , 60.73 ,      55.37 ,113;3;0;1    ,words ,   25 ,-1          ,           0 ,       23.12 ,          0 ,                 0    ,false       ,false   ,english  ,none      ,normal     ,false    ,false     ,false     ,     ,1726807215000
66ecfc9766c51bbe14d9e0b4 ,     ,50.12 ,82.12 , 58.03 ,      53.75 ,114;4;2;0    ,words ,   25 ,-1          ,           0 ,       27.3  ,          0 ,                 0    ,false       ,false   ,english  ,none      ,normal     ,false    ,false     ,false     ,     ,1726807191000
66ecfc7b66c51bbe14d9df94 ,     ,57.04 ,85.81 , 66.71 ,      63.37 ,118;7;2;0    ,words ,   25 ,-1          ,           0 ,       24.82 ,          0 ,                 0    ,false       ,false   ,english  ,none      ,normal     ,false    ,false     ,false     ,     ,1726807163000
66ecfc6066c51bbe14d9dea1 ,     ,68.67 ,94.29 , 70.82 ,      63.46 ,128;1;0;0    ,words ,   25 ,-1          ,           0 ,       22.37 ,          0 ,                 0    ,false       ,false   ,english  ,none      ,normal     ,false    ,false     ,false     ,     ,1726807136000
66ecfc4866c51bbe14d9ddb8 ,     ,57.15 ,87.67 , 64.9  ,      58.13 ,118;3;0;2    ,words ,   25 ,-1          ,           0 ,       24.78 ,          0 ,                 0    ,false       ,false   ,english  ,none      ,normal     ,false    ,false     ,false     ,     ,1726807112000
66ecfc2e66c51bbe14d9dcc3 ,     ,67.41 ,88.55 , 75.31 ,      63.9  ,111;6;0;2    ,words ,   25 ,-1          ,           0 ,       19.76 ,          0 ,                 0    ,false       ,false   ,english  ,none      ,normal     ,false    ,false     ,false     ,     ,1726807085000
66ecfc1866c51bbe14d9dbf5 ,     ,69.15 ,95.92 , 72.17 ,      70.97 ,137;0;1;0    ,words ,   25 ,-1          ,           0 ,       23.78 ,          0 ,                 0    ,false       ,false   ,english  ,none      ,normal     ,false    ,false     ,false     ,     ,1726807064000
66ecfbff66c51bbe14d9db1c ,     ,78.65 ,94.74 , 78.65 ,      67.32 ,124;0;0;0    ,words ,   25 ,-1          ,           2 ,       18.92 ,          0 ,                 6.98 ,false       ,false   ,english  ,none      ,normal     ,false    ,false     ,false     ,     ,1726807039000
66ecfbdf66c51bbe14d9d9e9 ,     ,71.03 ,91.87 , 74.23 ,      61.71 ,111;2;0;0    ,words ,   25 ,-1          ,           0 ,       18.75 ,          0 ,                 0    ,false       ,false   ,english  ,none      ,normal     ,false    ,false     ,false     ,     ,1726807007000
66ecfbcb66c51bbe14d9d935 ,     ,80.79 ,95.16 , 87.94 ,      70.61 ,113;1;2;0    ,words ,   25 ,-1          ,           1 ,       16.78 ,          0 ,                 0.68 ,false       ,false   ,english  ,none      ,normal     ,false    ,false     ,false     ,     ,1726806987000
66ecfbb766c51bbe14d9d89b ,     ,62.31 ,86.03 , 73.17 ,      62.27 ,109;7;1;2    ,words ,   25 ,-1          ,           0 ,       20.99 ,          0 ,                 0    ,false       ,false   ,english  ,none      ,normal     ,false    ,false     ,false     ,     ,1726806967000
66ecfba166c51bbe14d9d7c9 ,     ,64.74 ,92.81 , 64.74 ,      58.5  ,128;0;0;0    ,words ,   25 ,-1          ,           0 ,       23.73 ,          0 ,                 0    ,false       ,false   ,english  ,none      ,normal     ,false    ,false     ,false     ,     ,1726806945000
66ecfb8866c51bbe14d9d6bb ,     ,61.69 ,90.73 , 61.69 ,      54.59 ,136;0;0;0    ,words ,   25 ,-1          ,           0 ,       26.46 ,          0 ,                 0    ,false       ,false   ,english  ,none      ,normal     ,false    ,false     ,false     ,     ,1726806920000
66ecfb6b66c51bbe14d9d5bc ,     ,68.43 ,91.49 , 68.43 ,      60.26 ,129;0;0;0    ,words ,   25 ,-1          ,           0 ,       22.62 ,          0 ,                 0    ,false       ,false   ,english  ,none      ,normal     ,false    ,false     ,false     ,     ,1726806891000
66ecfb5366c51bbe14d9d4e9 ,     ,68.87 ,92.42 , 73.5  ,      66.4  ,119;3;0;2    ,words ,   25 ,-1          ,           0 ,       20.74 ,          0 ,                 0    ,false       ,false   ,english  ,none      ,normal     ,false    ,false     ,false     ,     ,1726806867000
66ecfb3c66c51bbe14d9d3f8 ,     ,72.44 ,92.03 , 79.93 ,      63.66 ,116;2;1;0    ,words ,   25 ,-1          ,           3 ,       19.22 ,          0 ,                 3.24 ,false       ,false   ,english  ,none      ,normal     ,false    ,false     ,false     ,     ,1726806844000
66ecfb2066c51bbe14d9d2e4 ,     ,74.7  ,95.35 , 74.7  ,      66.58 ,121;0;0;0    ,words ,   25 ,-1          ,           0 ,       19.44 ,          0 ,                 0    ,false       ,false   ,english  ,none      ,normal     ,false    ,false     ,false     ,     ,1726806816000
66ecfb0b66c51bbe14d9d200 ,     ,69.55 ,94.89 , 69.55 ,      61.84 ,129;0;0;0    ,words ,   25 ,-1          ,           2 ,       22.26 ,          0 ,                22.89 ,false       ,false   ,english  ,none      ,normal     ,false    ,false     ,false     ,     ,1726806795000
66ecfad866c51bbe14d9cff2 ,     ,68.21 ,96.53 , 68.21 ,      59.15 ,139;0;0;0    ,words ,   25 ,-1          ,           0 ,       24.45 ,          0 ,                 0    ,false       ,false   ,english  ,none      ,normal     ,false    ,false     ,false     ,     ,1726806744000
66ecfabe66c51bbe14d9ceed ,     ,62.92 ,94.48 , 65.3  ,      55.52 ,132;1;0;0    ,words ,   25 ,-1          ,           0 ,       25.18 ,          1 ,                 0    ,false       ,false   ,english  ,none      ,normal     ,false    ,false     ,false     ,     ,1726806718000
66ecfaa466c51bbe14d9ce0f ,     ,61    ,90.07 , 66.2  ,      57.58 ,129;2;1;0    ,words ,   25 ,-1          ,           2 ,       25.38 ,          0 ,                18.51 ,false       ,false   ,english  ,none      ,normal     ,false    ,false     ,false     ,     ,1726806692000
66ecfa5d66c51bbe14d9cb5d ,     ,50.87 ,81.54 , 65.18 ,      51.35 ,96;10;2;2    ,words ,   25 ,-1          ,           0 ,       22.65 ,          1 ,                 0    ,false       ,false   ,english  ,none      ,normal     ,false    ,false     ,false     ,     ,1726806621000
66ecfa4566c51bbe14d9ca7e ,     ,62.83 ,89.36 , 76.98 ,      64.6  ,111;5;0;3    ,words ,   25 ,-1          ,           0 ,       21.2  ,          0 ,                 0    ,false       ,false   ,english  ,none      ,normal     ,false    ,false     ,false     ,     ,1726806597000
66ecfa2e66c51bbe14d9c9af ,     ,49.91 ,89.23 , 62.5  ,      34.86 ,103;7;1;2    ,words ,   25 ,-1          ,           0 ,       24.77 ,          4 ,                 0    ,false       ,false   ,english  ,none      ,normal     ,false    ,false     ,false     ,     ,1726806574000
66ecfa1466c51bbe14d9c8d5 ,     ,60.67 ,88.81 , 65.34 ,      62.03 ,117;2;0;0    ,words ,   25 ,-1          ,           2 ,       23.14 ,          0 ,                20.7  ,false       ,false   ,english  ,none      ,normal     ,false    ,false     ,false     ,     ,1726806548000
66ecf9e266c51bbe14d9c70a ,     ,74.68 ,90.14 , 81.53 ,      60.71 ,120;1;0;1    ,words ,   25 ,-1          ,           1 ,       19.28 ,          0 ,                 7.27 ,false       ,false   ,english  ,none      ,normal     ,false    ,false     ,false     ,     ,1726806498000
66cf2e754b36e87ec5dd5f5c ,     ,47.61 ,87.66 , 47.61 ,      46.42 ,134;0;0;0    ,words ,   25 ,-1          ,           0 ,       33.78 ,          1 ,                 0    ,false       ,false   ,english  ,none      ,normal     ,false    ,false     ,false     ,     ,1724853877000
66cf2e514b36e87ec5dd5d42 ,     ,67.6  ,97.16 , 67.6  ,      62.53 ,137;0;0;0    ,words ,   25 ,-1          ,           0 ,       24.32 ,          0 ,                 0    ,false       ,false   ,english  ,none      ,normal     ,false    ,false     ,false     ,     ,1724853841000
66cf2e384b36e87ec5dd5b90 ,     ,63.7  ,91.37 , 66.81 ,      54.11 ,123;2;0;0    ,words ,   25 ,-1          ,           0 ,       23.17 ,          0 ,                 0    ,false       ,false   ,english  ,none      ,normal     ,false    ,false     ,false     ,     ,1724853816000
66cdf74a251883fe34d6c43b ,     ,52.8  ,89.03 , 52.8  ,      50.33 ,134;0;0;0    ,words ,   25 ,-1          ,           0 ,       30.46 ,          0 ,                 0    ,false       ,false   ,english  ,none      ,normal     ,false    ,false     ,false     ,     ,1724774218000
66cdf72a251883fe34d6c245 ,     ,64.64 ,96.69 , 64.64 ,      59.01 ,116;0;0;0    ,words ,   25 ,-1          ,           0 ,       21.54 ,          0 ,                 0    ,false       ,false   ,english  ,none      ,normal     ,false    ,false     ,false     ,     ,1724774186000
66cdf2ab251883fe34d677dc ,     ,53.62 ,84.93 , 60.55 ,      56.8  ,116;3;3;1    ,words ,   25 ,-1          ,           2 ,       25.96 ,          0 ,                 2.94 ,false       ,false   ,english  ,none      ,normal     ,false    ,false     ,false     ,     ,1724773035000
66cdf28c251883fe34d675e2 ,     ,50.84 ,86.96 , 53.05 ,      52.51 ,115;1;0;0    ,words ,   25 ,-1          ,           7 ,       27.14 ,          0 ,                22.31 ,false       ,false   ,english  ,none      ,normal     ,false    ,false     ,false     ,     ,1724773004000
66cdf24b251883fe34d67197 ,     ,69.9  ,92.86 , 72.12 ,      53.32 ,126;0;0;1    ,words ,   25 ,-1          ,           0 ,       21.63 ,          0 ,                 0    ,false       ,false   ,english  ,none      ,normal     ,false    ,false     ,false     ,     ,1724772939000
66cdf234251883fe34d6700a ,     ,60.15 ,92.91 , 63.52 ,      57.37 ,125;0;1;0    ,words ,   25 ,-1          ,           0 ,       24.94 ,          0 ,                 0    ,false       ,false   ,english  ,none      ,normal     ,false    ,false     ,false     ,     ,1724772916000
66cdf205251883fe34d66cc4 ,     ,57.86 ,88.41 , 70.83 ,      61.63 ,107;4;1;1    ,words ,   25 ,-1          ,           0 ,       22.19 ,          0 ,                 0    ,false       ,false   ,english  ,none      ,normal     ,false    ,false     ,false     ,     ,1724772869000
66cdf1ea251883fe34d66b48 ,     ,64.35 ,90.63 , 79.15 ,      63.2  ,100;2;1;2    ,words ,   25 ,-1          ,           0 ,       18.65 ,          0 ,                 0    ,false       ,false   ,english  ,none      ,normal     ,false    ,false     ,false     ,     ,1724772842000
66cdf1d6251883fe34d66a22 ,     ,66.99 ,90.41 , 73.42 ,      58.58 ,125;3;2;0    ,words ,   25 ,-1          ,           0 ,       22.39 ,          0 ,                 0    ,false       ,false   ,english  ,none      ,normal     ,false    ,false     ,false     ,     ,1724772822000
66cdf1be251883fe34d668a4 ,     ,57.24 ,90.14 , 57.24 ,      54.37 ,127;0;0;0    ,words ,   25 ,-1          ,           0 ,       26.62 ,          0 ,                 0    ,false       ,false   ,english  ,none      ,normal     ,false    ,false     ,false     ,     ,1724772798000
66cdf1a2251883fe34d666eb ,     ,58.23 ,88.96 , 64.23 ,      52.18 ,126;3;0;0    ,words ,   25 ,-1          ,           2 ,       25.97 ,          0 ,                 1.43 ,false       ,false   ,english  ,none      ,normal     ,false    ,false     ,false     ,     ,1724772770000
66cdf182251883fe34d664dc ,     ,68.13 ,93.28 , 70.4  ,      59.23 ,120;0;0;1    ,words ,   25 ,-1          ,           0 ,       21.14 ,          0 ,                 0    ,false       ,false   ,english  ,none      ,normal     ,false    ,false     ,false     ,     ,1724772738000
66cdf16b251883fe34d6637a ,     ,52.24 ,82.35 , 57.91 ,      51.1  ,129;2;1;0    ,words ,   25 ,-1          ,           0 ,       29.63 ,          0 ,                 0    ,false       ,false   ,english  ,none      ,normal     ,false    ,false     ,false     ,     ,1724772715000
66cdf14c251883fe34d66192 ,     ,57.59 ,85.42 , 59.95 ,      57.18 ,122;3;1;0    ,words ,   25 ,-1          ,           0 ,       25.42 ,          0 ,                 0    ,false       ,false   ,english  ,none      ,normal     ,false    ,false     ,false     ,     ,1724772684000
66cdf131251883fe34d65fa9 ,     ,62.91 ,91.55 , 62.91 ,      69.05 ,129;0;0;0    ,words ,   25 ,-1          ,           0 ,       24.61 ,          0 ,                 0    ,false       ,false   ,english  ,none      ,normal     ,false    ,false     ,false     ,     ,1724772657000
66cdf117251883fe34d65e15 ,     ,58.76 ,93.33 , 60.94 ,      53.4  ,135;1;0;0    ,words ,   25 ,-1          ,           0 ,       27.57 ,          0 ,                 0    ,false       ,false   ,english  ,none      ,normal     ,false    ,false     ,false     ,     ,1724772631000
66cdf0fb251883fe34d65bfd ,     ,65.36 ,94.44 , 65.36 ,      60.73 ,136;0;0;0    ,words ,   25 ,-1          ,           0 ,       24.97 ,          0 ,                 0    ,false       ,false   ,english  ,none      ,normal     ,false    ,false     ,false     ,     ,1724772603000
66cdf0e0251883fe34d65a42 ,     ,55.68 ,89.86 , 62.52 ,      65.12 ,114;3;1;1    ,words ,   25 ,-1          ,           0 ,       24.57 ,          0 ,                 0    ,false       ,false   ,english  ,none      ,normal     ,false    ,false     ,false     ,     ,1724772576000
66cdf0c6251883fe34d6588f ,     ,55.93 ,89.55 , 58.8  ,      55.12 ,117;2;1;0    ,words ,   25 ,-1          ,           0 ,       25.1  ,          0 ,                 0    ,false       ,false   ,english  ,none      ,normal     ,false    ,false     ,false     ,     ,1724772550000
66cdf0ab251883fe34d656e5 ,     ,45.15 ,85.35 , 48.76 ,      50.27 ,125;2;0;1    ,words ,   25 ,-1          ,           0 ,       33.22 ,          0 ,                 0    ,false       ,false   ,english  ,none      ,normal     ,false    ,false     ,false     ,     ,1724772523000
66cdf089251883fe34d654a5 ,     ,49.7  ,86.26 , 59.74 ,      48.07 ,104;9;0;2    ,words ,   25 ,-1          ,           0 ,       25.11 ,          1 ,                 0    ,false       ,false   ,english  ,none      ,normal     ,false    ,false     ,false     ,     ,1724772489000
66cd704b251883fe34d01768 ,     ,52.67 ,87.5  , 55.14 ,      49.68 ,128;1;1;0    ,words ,   25 ,-1          ,           0 ,       29.16 ,          1 ,                 0    ,false       ,false   ,english  ,none      ,normal     ,false    ,false     ,false     ,     ,1724739659000
66cd702d251883fe34d01657 ,     ,63.84 ,91.57 , 66.04 ,      67.21 ,145;1;0;0    ,words ,   25 ,-1          ,           0 ,       27.26 ,          0 ,                 0    ,false       ,false   ,english  ,none      ,normal     ,false    ,false     ,false     ,     ,1724739629000
66cd7010251883fe34d01537 ,     ,59.48 ,87.33 , 61.34 ,      51.4  ,128;1;0;1    ,words ,   25 ,-1          ,           0 ,       25.82 ,          0 ,                 0    ,false       ,false   ,english  ,none      ,normal     ,false    ,false     ,false     ,     ,1724739600000
66cd6ff2251883fe34d013f3 ,     ,61.01 ,91.89 , 63.34 ,      51.89 ,131;2;0;0    ,words ,   25 ,-1          ,           0 ,       25.77 ,          0 ,                 0    ,false       ,false   ,english  ,none      ,normal     ,false    ,false     ,false     ,     ,1724739570000
66cd6fd7251883fe34d012d4 ,     ,43.81 ,81.07 , 45.78 ,      48.34 ,133;3;1;0    ,words ,   25 ,-1          ,           0 ,       36.43 ,          0 ,                 0    ,false       ,false   ,english  ,none      ,normal     ,false    ,false     ,false     ,     ,1724739543000
66cd6fb2251883fe34d0111a ,     ,66.33 ,90.98 , 69.14 ,      64.58 ,118;2;0;1    ,words ,   25 ,-1          ,           0 ,       21.35 ,          0 ,                 0    ,false       ,false   ,english  ,none      ,normal     ,false    ,false     ,false     ,     ,1724739506000
66cd6f9b251883fe34d0101c ,     ,63.43 ,93.24 , 63.43 ,      56.17 ,136;0;0;0    ,words ,   25 ,-1          ,           0 ,       25.73 ,          0 ,                 0    ,false       ,false   ,english  ,none      ,normal     ,false    ,false     ,false     ,     ,1724739483000
66cd6f80251883fe34d00ecc ,     ,57.71 ,89.15 , 66.51 ,      62.9  ,105;1;2;0    ,words ,   25 ,-1          ,           0 ,       21.83 ,          0 ,                 0    ,false       ,false   ,english  ,none      ,normal     ,false    ,false     ,false     ,     ,1724739456000
66cd6f69251883fe34d00de4 ,     ,66.1  ,93.66 , 66.1  ,      61.82 ,130;0;0;0    ,words ,   25 ,-1          ,           1 ,       23.6  ,          0 ,                 1.66 ,false       ,false   ,english  ,none      ,normal     ,false    ,false     ,false     ,     ,1724739433000
66cd6f4d251883fe34d00cc8 ,     ,55.99 ,82.47 , 60.05 ,      60.87 ,124;3;2;0    ,words ,   25 ,-1          ,           0 ,       26.58 ,          0 ,                 0    ,false       ,false   ,english  ,none      ,normal     ,false    ,false     ,false     ,     ,1724739405000
66cd6f32251883fe34d00ba9 ,     ,55.19 ,86.11 , 58.02 ,      58.97 ,117;0;1;0    ,words ,   25 ,-1          ,           0 ,       25.44 ,          0 ,                 0    ,false       ,false   ,english  ,none      ,normal     ,false    ,false     ,false     ,     ,1724739378000
66cd6f17251883fe34d00ab7 ,     ,53.77 ,87.77 , 55.61 ,      52.58 ,117;0;1;0    ,words ,   25 ,-1          ,           1 ,       26.11 ,          0 ,                 3.44 ,false       ,false   ,english  ,none      ,normal     ,false    ,false     ,false     ,     ,1724739351000
66cd6ef5251883fe34d00954 ,     ,68.75 ,87.94 , 76.2  ,      72.51 ,120;6;1;1    ,words ,   25 ,-1          ,           1 ,       20.95 ,          0 ,                 0.78 ,false       ,false   ,english  ,none      ,normal     ,false    ,false     ,false     ,     ,1724739317000
66cd6edd251883fe34d00849 ,     ,62.61 ,94.12 , 67.34 ,      55.15 ,119;0;1;0    ,words ,   25 ,-1          ,           0 ,       22.81 ,          0 ,                 0    ,false       ,false   ,english  ,none      ,normal     ,false    ,false     ,false     ,     ,1724739293000
66cd6ec5251883fe34d0075d ,     ,56.63 ,82.03 , 69.61 ,      55.93 ,96;6;2;2     ,words ,   25 ,-1          ,           2 ,       20.34 ,          0 ,                16.61 ,false       ,false   ,english  ,none      ,normal     ,false    ,false     ,false     ,     ,1724739269000
66cd6e9d251883fe34d005d1 ,     ,53.52 ,86    , 57.44 ,      50.62 ,123;3;0;1    ,words ,   25 ,-1          ,           0 ,       27.58 ,          0 ,                 0    ,false       ,false   ,english  ,none      ,normal     ,false    ,false     ,false     ,     ,1724739229000
66cd6e80251883fe34d004a5 ,     ,49.05 ,83.33 , 60.79 ,      55.59 ,117;4;2;0    ,words ,   25 ,-1          ,           1 ,       28.62 ,          0 ,                15    ,false       ,false   ,english  ,none      ,normal     ,false    ,false     ,false     ,     ,1724739200000
66cd6e52251883fe34d002cf ,     ,66.54 ,93.48 , 66.54 ,      65.97 ,127;0;0;0    ,words ,   25 ,-1          ,           0 ,       22.9  ,          0 ,                 0    ,false       ,false   ,english  ,none      ,normal     ,false    ,false     ,false     ,     ,1724739154000
66cd6e3a251883fe34d001d0 ,     ,66.69 ,95.04 , 66.69 ,      69.18 ,132;0;0;0    ,words ,   25 ,-1          ,           0 ,       23.75 ,          0 ,                 0    ,false       ,false   ,english  ,none      ,normal     ,false    ,false     ,false     ,     ,1724739130000
66cd6e1e251883fe34d00098 ,     ,62.2  ,90.91 , 68.88 ,      62.34 ,121;3;0;0    ,words ,   25 ,-1          ,           0 ,       23.34 ,          0 ,                 0    ,false       ,false   ,english  ,none      ,normal     ,false    ,false     ,false     ,     ,1724739102000
66cd6e05251883fe34cfffa0 ,     ,65.65 ,89.84 , 75.46 ,      65.38 ,107;5;0;2    ,words ,   25 ,-1          ,           0 ,       19.56 ,          0 ,                 0    ,false       ,false   ,english  ,none      ,normal     ,false    ,false     ,false     ,     ,1724739077000
66cd6c97251883fe34cff21d ,     ,55.04 ,90.91 , 60.46 ,      52.73 ,132;3;0;2    ,words ,   25 ,-1          ,           0 ,       28.78 ,          0 ,                 0    ,false       ,false   ,english  ,none      ,normal     ,false    ,false     ,false     ,     ,1724738711000
66cc6796251883fe34c49746 ,     ,63.94 ,93.51 , 67.16 ,      68.42 ,139;0;1;0    ,words ,   25 ,-1          ,           0 ,       26.09 ,          0 ,                 0    ,false       ,false   ,english  ,none      ,normal     ,false    ,false     ,false     ,     ,1724671894000
66cc677a251883fe34c49608 ,     ,64.68 ,90.91 , 64.68 ,      57.92 ,130;0;0;0    ,words ,   25 ,-1          ,           0 ,       24.12 ,          0 ,                 0    ,false       ,false   ,english  ,none      ,normal     ,false    ,false     ,false     ,     ,1724671866000
66cc6761251883fe34c494dd ,     ,56.98 ,90.67 , 59.14 ,      60.58 ,132;0;0;1    ,words ,   25 ,-1          ,           0 ,       27.8  ,          0 ,                 0    ,false       ,false   ,english  ,none      ,normal     ,false    ,false     ,false     ,     ,1724671841000
66cc6744251883fe34c49370 ,     ,59.81 ,92.75 , 59.81 ,      54.57 ,126;0;0;0    ,words ,   25 ,-1          ,           0 ,       25.28 ,          0 ,                 0    ,false       ,false   ,english  ,none      ,normal     ,false    ,false     ,false     ,     ,1724671812000
66cc6729251883fe34c491f9 ,     ,64.82 ,95.92 , 64.82 ,      56.65 ,141;0;0;0    ,words ,   25 ,-1          ,           0 ,       26.1  ,          0 ,                 0    ,false       ,false   ,english  ,none      ,normal     ,false    ,false     ,false     ,     ,1724671785000
66cc670e251883fe34c49083 ,     ,52.89 ,89.66 , 52.89 ,      46.98 ,128;0;0;0    ,words ,   25 ,-1          ,           1 ,       29.04 ,          0 ,                 3.51 ,false       ,false   ,english  ,none      ,normal     ,false    ,false     ,false     ,     ,1724671758000
66cc659b251883fe34c47f9d ,     ,57    ,90.26 , 57    ,      55.18 ,137;0;0;0    ,words ,   25 ,-1          ,           0 ,       28.84 ,          1 ,                 0    ,false       ,false   ,english  ,none      ,normal     ,false    ,false     ,false     ,     ,1724671387000
66cbde00251883fe34bf4223 ,     ,51.27 ,89.12 , 54.14 ,      51.41 ,125;1;1;0    ,words ,   25 ,-1          ,           0 ,       29.26 ,          0 ,                 0    ,false       ,false   ,english  ,none      ,normal     ,false    ,false     ,false     ,     ,1724636672000
66cbdde2251883fe34bf4134 ,     ,62.89 ,90.78 , 66.56 ,      58.53 ,120;1;0;1    ,words ,   25 ,-1          ,           0 ,       22.9  ,          0 ,                 0    ,false       ,false   ,english  ,none      ,normal     ,false    ,false     ,false     ,     ,1724636642000
66cbddb7251883fe34bf3feb ,     ,78.71 ,99.19 , 78.71 ,      77.99 ,122;0;0;0    ,words ,   25 ,-1          ,           0 ,       18.6  ,          0 ,                 0    ,false       ,false   ,english  ,none      ,normal     ,false    ,false     ,false     ,     ,1724636599000
66cbdda3251883fe34bf3f44 ,     ,54.27 ,93.1  , 55.51 ,      52.85 ,131;0;0;1    ,words ,   25 ,-1          ,           0 ,       28.97 ,          0 ,                 0    ,false       ,false   ,english  ,none      ,normal     ,false    ,false     ,false     ,     ,1724636579000
66cbdd84251883fe34bf3e5c ,     ,60.96 ,92.75 , 60.96 ,      55.34 ,127;0;0;0    ,words ,   25 ,-1          ,           0 ,       25    ,          0 ,                 0    ,false       ,false   ,english  ,none      ,normal     ,false    ,false     ,false     ,     ,1724636548000
66cbdd6a251883fe34bf3d74 ,     ,55.42 ,90.71 , 55.42 ,      59.07 ,124;0;0;0    ,words ,   25 ,-1          ,           0 ,       26.85 ,          0 ,                 0    ,false       ,false   ,english  ,none      ,normal     ,false    ,false     ,false     ,     ,1724636522000
66cbdd4e251883fe34bf3c86 ,     ,57.34 ,91.82 , 57.34 ,      58.05 ,142;0;0;0    ,words ,   25 ,-1          ,           0 ,       29.72 ,          0 ,                 0    ,false       ,false   ,english  ,none      ,normal     ,false    ,false     ,false     ,     ,1724636494000
66cbdd2f251883fe34bf3b96 ,     ,55.77 ,92.47 , 58.38 ,      53.04 ,128;1;0;0    ,words ,   25 ,-1          ,           1 ,       27.54 ,          0 ,                 1.7  ,false       ,false   ,english  ,none      ,normal     ,false    ,false     ,false     ,     ,1724636463000
66cac6af251883fe34b5c428 ,     ,20.7  ,85.53 , 21.37 ,       0.71 ,125;0;1;0    ,words ,   25 ,-1          ,           0 ,       72.45 ,         37 ,                 0    ,false       ,false   ,english  ,none      ,normal     ,false    ,false     ,false     ,     ,1724565167000
66cac665251883fe34b5c1a2 ,     ,43.27 ,85.71 , 49.12 ,      56.04 ,111;5;0;1    ,words ,   25 ,-1          ,           0 ,       30.78 ,          0 ,                 0    ,false       ,false   ,english  ,none      ,normal     ,false    ,false     ,false     ,     ,1724565093000
66cac645251883fe34b5c096 ,     ,64.3  ,92.13 , 71.38 ,      65.6  ,109;3;0;1    ,words ,   25 ,-1          ,           0 ,       20.34 ,          0 ,                 0    ,false       ,false   ,english  ,none      ,normal     ,false    ,false     ,false     ,     ,1724565061000
66cac62f251883fe34b5bfdb ,     ,47.31 ,88.16 , 54.29 ,      55.06 ,122;4;1;2    ,words ,   25 ,-1          ,           0 ,       30.95 ,          2 ,                 0    ,false       ,false   ,english  ,none      ,normal     ,false    ,false     ,false     ,     ,1724565039000
66cac603251883fe34b5be6d ,     ,43.82 ,86.27 , 49.21 ,      48.92 ,122;4;0;3    ,words ,   25 ,-1          ,           1 ,       33.41 ,          2 ,                 4.62 ,false       ,false   ,english  ,none      ,normal     ,false    ,false     ,false     ,     ,1724564995000
66cac5c0251883fe34b5bc33 ,     ,68.32 ,92.37 , 72.44 ,      63.02 ,116;1;0;0    ,words ,   25 ,-1          ,           0 ,       20.38 ,          0 ,                 0    ,false       ,false   ,english  ,none      ,normal     ,false    ,false     ,false     ,     ,1724564928000
66cac5a9251883fe34b5bb8e ,     ,62.58 ,93.53 , 65.07 ,      53.97 ,126;1;0;0    ,words ,   25 ,-1          ,           2 ,       24.16 ,          0 ,                 5.83 ,false       ,false   ,english  ,none      ,normal     ,false    ,false     ,false     ,     ,1724564905000
66cac587251883fe34b5ba62 ,     ,75    ,92.25 , 77.89 ,      67.13 ,130;2;1;0    ,words ,   25 ,-1          ,           0 ,       20.8  ,          0 ,                 0    ,false       ,false   ,english  ,none      ,normal     ,false    ,false     ,false     ,     ,1724564871000
66cac571251883fe34b5b9b2 ,     ,54.88 ,87.77 , 54.88 ,      62.74 ,120;0;0;0    ,words ,   25 ,-1          ,           2 ,       26.24 ,          0 ,                 7.98 ,false       ,false   ,english  ,none      ,normal     ,false    ,false     ,false     ,     ,1724564849000
66cac53f251883fe34b5b833 ,     ,75.55 ,95.97 , 75.55 ,      66.77 ,118;0;0;0    ,words ,   25 ,-1          ,           0 ,       18.74 ,          0 ,                 0    ,false       ,false   ,english  ,none      ,normal     ,false    ,false     ,false     ,     ,1724564799000
66cac52a251883fe34b5b799 ,     ,60.71 ,93.98 , 60.71 ,      56.61 ,122;0;0;0    ,words ,   25 ,-1          ,           0 ,       24.11 ,          0 ,                 0    ,false       ,false   ,english  ,none      ,normal     ,false    ,false     ,false     ,     ,1724564778000
66c5859dcbf6e3c60fe655d8 ,     ,58.42 ,87.77 , 72.48 ,      57.64 ,108;4;3;1    ,words ,   25 ,-1          ,           1 ,       22.18 ,          0 ,                 0.98 ,false       ,false   ,english  ,none      ,normal     ,false    ,false     ,false     ,     ,1724220829000
66c58584cbf6e3c60fe654ea ,     ,49.24 ,77.93 , 63.82 ,      56.33 ,98;6;2;1     ,words ,   25 ,-1          ,           0 ,       23.88 ,          0 ,                 0    ,false       ,false   ,english  ,none      ,normal     ,false    ,false     ,false     ,     ,1724220804000
66c58562cbf6e3c60fe653a8 ,     ,59.19 ,87.59 , 59.19 ,      45.67 ,125;0;0;0    ,words ,   25 ,-1          ,           4 ,       25.34 ,          0 ,                 5.93 ,false       ,false   ,english  ,none      ,normal     ,false    ,false     ,false     ,     ,1724220770000
66c5853ccbf6e3c60fe65273 ,     ,56.24 ,83.92 , 71.63 ,      62.08 ,106;8;3;0    ,words ,   25 ,-1          ,           0 ,       22.62 ,          0 ,                 0    ,false       ,false   ,english  ,none      ,normal     ,false    ,false     ,false     ,     ,1724220732000
66c58524cbf6e3c60fe65194 ,     ,67.02 ,91.67 , 69.11 ,      63.82 ,128;1;0;0    ,words ,   25 ,-1          ,           5 ,       22.92 ,          0 ,                14.01 ,false       ,false   ,english  ,none      ,normal     ,false    ,false     ,false     ,     ,1724220708000
66c584f6cbf6e3c60fe64ff6 ,     ,58.41 ,82.84 , 67.39 ,      61.7  ,104;6;0;2    ,words ,   25 ,-1          ,           2 ,       21.37 ,          0 ,                22.2  ,false       ,false   ,english  ,none      ,normal     ,false    ,false     ,false     ,     ,1724220662000
66c584c7cbf6e3c60fe64e43 ,     ,63.87 ,83.95 , 74.52 ,      57.32 ,126;8;2;1    ,words ,   25 ,-1          ,           1 ,       23.67 ,          0 ,                 0.95 ,false       ,false   ,english  ,none      ,normal     ,false    ,false     ,false     ,     ,1724220615000
66c584accbf6e3c60fe64d69 ,     ,68.98 ,92.42 , 83.94 ,      73.8  ,106;4;0;3    ,words ,   25 ,-1          ,           0 ,       18.44 ,          0 ,                 0    ,false       ,false   ,english  ,none      ,normal     ,false    ,false     ,false     ,     ,1724220588000
66c58498cbf6e3c60fe64cbf ,     ,56.41 ,81.94 , 71.38 ,      67.43 ,113;11;2;2   ,words ,   25 ,-1          ,           2 ,       24.04 ,          0 ,                24.95 ,false       ,false   ,english  ,none      ,normal     ,false    ,false     ,false     ,     ,1724220568000
66c58463cbf6e3c60fe64b0b ,     ,58.82 ,89.73 , 58.82 ,      54.96 ,128;0;0;0    ,words ,   25 ,-1          ,           0 ,       26.11 ,          0 ,                 0    ,false       ,false   ,english  ,none      ,normal     ,false    ,false     ,false     ,     ,1724220515000
66c58447cbf6e3c60fe64a05 ,     ,59.82 ,88.81 , 68.59 ,      61.72 ,116;4;0;2    ,words ,   25 ,-1          ,           0 ,       23.27 ,          0 ,                 0    ,false       ,false   ,english  ,none      ,normal     ,false    ,false     ,false     ,     ,1724220487000
66c5842fcbf6e3c60fe6490d ,     ,67.07 ,89.63 , 67.07 ,      60.93 ,120;0;0;0    ,words ,   25 ,-1          ,           1 ,       21.47 ,          0 ,                 3.59 ,false       ,false   ,english  ,none      ,normal     ,false    ,false     ,false     ,     ,1724220463000
66c58414cbf6e3c60fe64823 ,     ,42.16 ,75.52 , 80.28 ,      66.7  ,73;18;3;5    ,words ,   25 ,-1          ,           1 ,       20.78 ,          0 ,                 1.61 ,false       ,false   ,english  ,none      ,normal     ,false    ,false     ,false     ,     ,1724220436000
66c583fbcbf6e3c60fe64737 ,     ,57.15 ,84.56 , 73.64 ,      61.12 ,97;6;1;1     ,words ,   25 ,-1          ,           0 ,       20.37 ,          0 ,                 0    ,false       ,false   ,english  ,none      ,normal     ,false    ,false     ,false     ,     ,1724220411000
66c583e6cbf6e3c60fe64664 ,     ,50.03 ,80.92 , 59.95 ,      59.42 ,111;5;4;0    ,words ,   25 ,-1          ,           0 ,       26.62 ,          0 ,                 0    ,false       ,false   ,english  ,none      ,normal     ,false    ,false     ,false     ,     ,1724220390000
66c583cacbf6e3c60fe64551 ,     ,73.39 ,95.04 , 73.39 ,      72.94 ,114;0;0;0    ,words ,   25 ,-1          ,           0 ,       18.64 ,          0 ,                 0    ,false       ,false   ,english  ,none      ,normal     ,false    ,false     ,false     ,     ,1724220362000
66c583b6cbf6e3c60fe6449b ,     ,66.54 ,93.08 , 66.54 ,      63.21 ,121;0;0;0    ,words ,   25 ,-1          ,           0 ,       21.82 ,          0 ,                 0    ,false       ,false   ,english  ,none      ,normal     ,false    ,false     ,false     ,     ,1724220342000
66c5839ecbf6e3c60fe643b1 ,     ,50.3  ,84.71 , 50.3  ,      52.77 ,129;0;0;0    ,words ,   25 ,-1          ,           0 ,       30.78 ,          0 ,                 0    ,false       ,false   ,english  ,none      ,normal     ,false    ,false     ,false     ,     ,1724220318000
66c5837ecbf6e3c60fe64271 ,     ,57.64 ,89.05 , 57.64 ,      61.14 ,122;0;0;0    ,words ,   25 ,-1          ,           0 ,       25.4  ,          0 ,                 0    ,false       ,false   ,english  ,none      ,normal     ,false    ,false     ,false     ,     ,1724220286000
66c58364cbf6e3c60fe6418c ,     ,62.5  ,92.47 , 64.87 ,      61.73 ,132;1;0;0    ,words ,   25 ,-1          ,           0 ,       25.34 ,          0 ,                 0    ,false       ,false   ,english  ,none      ,normal     ,false    ,false     ,false     ,     ,1724220259000
66c58348cbf6e3c60fe640a6 ,     ,59.73 ,89.23 , 68.11 ,      65.04 ,107;2;1;1    ,words ,   25 ,-1          ,           1 ,       21.5  ,          0 ,                 0.18 ,false       ,false   ,english  ,none      ,normal     ,false    ,false     ,false     ,     ,1724220232000
66c58330cbf6e3c60fe63fd5 ,     ,45.11 ,77.3  , 49.39 ,      55.49 ,116;0;1;1    ,words ,   25 ,-1          ,           0 ,       30.86 ,          0 ,                 0    ,false       ,false   ,english  ,none      ,normal     ,false    ,false     ,false     ,     ,1724220208000
66c58310cbf6e3c60fe63ec8 ,     ,51.75 ,82.54 , 71.01 ,      66.44 ,86;7;0;3     ,words ,   25 ,-1          ,           0 ,       19.94 ,          0 ,                 0    ,false       ,false   ,english  ,none      ,normal     ,false    ,false     ,false     ,     ,1724220176000
66c582fbcbf6e3c60fe63dee ,     ,58.15 ,85.82 , 66.23 ,      56.31 ,108;5;0;0    ,words ,   25 ,-1          ,           0 ,       22.29 ,          0 ,                 0    ,false       ,false   ,english  ,none      ,normal     ,false    ,false     ,false     ,     ,1724220155000
66c582e3cbf6e3c60fe63d2c ,     ,68.34 ,94.74 , 70.62 ,      61.55 ,120;0;0;1    ,words ,   25 ,-1          ,           0 ,       21.07 ,          0 ,                 0    ,false       ,false   ,english  ,none      ,normal     ,false    ,false     ,false     ,     ,1724220131000
66c582cccbf6e3c60fe63c6b ,     ,66.88 ,95.65 , 69.49 ,      59    ,128;0;0;1    ,words ,   25 ,-1          ,           0 ,       22.97 ,          0 ,                 0    ,false       ,false   ,english  ,none      ,normal     ,false    ,false     ,false     ,     ,1724220108000
66c582b4cbf6e3c60fe63ba4 ,     ,40.32 ,79.73 , 51.09 ,      50.84 ,101;6;2;2    ,words ,   25 ,-1          ,           0 ,       30.06 ,          0 ,                 0    ,false       ,false   ,english  ,none      ,normal     ,false    ,false     ,false     ,     ,1724220084000
66c58292cbf6e3c60fe63a89 ,     ,45.71 ,84.93 , 49.65 ,      50.9  ,116;2;0;1    ,words ,   25 ,-1          ,           0 ,       30.46 ,          0 ,                 0    ,false       ,false   ,english  ,none      ,normal     ,false    ,false     ,false     ,     ,1724220050000
66c58272cbf6e3c60fe6394c ,     ,69.88 ,96.97 , 69.88 ,      61.47 ,128;0;0;0    ,words ,   25 ,-1          ,           1 ,       21.98 ,          0 ,                20.29 ,false       ,false   ,english  ,none      ,normal     ,false    ,false     ,false     ,     ,1724220018000
66c58245cbf6e3c60fe637a4 ,     ,55.84 ,88.36 , 55.84 ,      60.25 ,125;0;0;0    ,words ,   25 ,-1          ,           0 ,       26.86 ,          0 ,                 0    ,false       ,false   ,english  ,none      ,normal     ,false    ,false     ,false     ,     ,1724219973000
66c58227cbf6e3c60fe6367a ,     ,70.35 ,91.91 , 75.72 ,      62.61 ,118;1;0;1    ,words ,   25 ,-1          ,           1 ,       20.13 ,          0 ,                11.14 ,false       ,false   ,english  ,none      ,normal     ,false    ,false     ,false     ,     ,1724219943000
66c2ca4091888c3435e91150 ,     ,76.92 ,95.89 , 76.92 ,      65.85 ,138;0;0;0    ,words ,   25 ,-1          ,           0 ,       21.53 ,          0 ,                 0    ,false       ,false   ,english  ,none      ,normal     ,false    ,false     ,false     ,     ,1724041792000
66c2ca2991888c3435e9107b ,     ,50.13 ,87.23 , 54.53 ,      48.27 ,114;1;0;1    ,words ,   25 ,-1          ,           0 ,       27.29 ,          0 ,                 0    ,false       ,false   ,english  ,none      ,normal     ,false    ,false     ,false     ,     ,1724041769000
66c2ca0d91888c3435e90f60 ,     ,52.55 ,86.93 , 58.02 ,      58.95 ,125;4;0;0    ,words ,   25 ,-1          ,           0 ,       28.54 ,          0 ,                 0    ,false       ,false   ,english  ,none      ,normal     ,false    ,false     ,false     ,     ,1724041741000
66c2c9f091888c3435e90e27 ,     ,46.48 ,83.65 , 51.82 ,      57.44 ,122;2;0;1    ,words ,   25 ,-1          ,           0 ,       31.5  ,          0 ,                 0    ,false       ,false   ,english  ,none      ,normal     ,false    ,false     ,false     ,     ,1724041712000
66c2c9ce91888c3435e90cd1 ,     ,55.08 ,85.99 , 55.08 ,      57.68 ,134;0;0;0    ,words ,   25 ,-1          ,           0 ,       29.19 ,          0 ,                 0    ,false       ,false   ,english  ,none      ,normal     ,false    ,false     ,false     ,     ,1724041678000
66c2c9b091888c3435e90bb1 ,     ,52.64 ,86.96 , 52.64 ,      49.66 ,139;0;0;0    ,words ,   25 ,-1          ,           0 ,       31.69 ,          0 ,                 0    ,false       ,false   ,english  ,none      ,normal     ,false    ,false     ,false     ,     ,1724041648000
66c2c98f91888c3435e90aa8 ,     ,70.52 ,94.81 , 72.76 ,      67.67 ,126;0;1;0    ,words ,   25 ,-1          ,           0 ,       21.44 ,          0 ,                 0    ,false       ,false   ,english  ,none      ,normal     ,false    ,false     ,false     ,     ,1724041615000
66c2c97891888c3435e909d2 ,     ,49.83 ,84.21 , 51.66 ,      53.6  ,136;2;0;0    ,words ,   25 ,-1          ,           0 ,       32.75 ,          0 ,                 0    ,false       ,false   ,english  ,none      ,normal     ,false    ,false     ,false     ,     ,1724041592000
66c2c95691888c3435e90894 ,     ,52.54 ,86.09 , 54.24 ,      56.25 ,124;1;0;1    ,words ,   25 ,-1          ,           2 ,       28.32 ,          0 ,                19.52 ,false       ,false   ,english  ,none      ,normal     ,false    ,false     ,false     ,     ,1724041558000
66b5ded16ec615499ab85a1c ,     ,71.99 ,94.44 , 75.09 ,      62.75 ,116;2;0;0    ,words ,   25 ,-1          ,           0 ,       19.34 ,          0 ,                 0    ,false       ,false   ,english  ,none      ,normal     ,false    ,false     ,false     ,     ,1723195089000
66b5debc6ec615499ab85965 ,     ,59.2  ,91.33 , 59.2  ,      57.35 ,135;0;0;0    ,words ,   25 ,-1          ,           0 ,       27.37 ,          0 ,                 0    ,false       ,false   ,english  ,none      ,normal     ,false    ,false     ,false     ,     ,1723195068000
66b5de9f6ec615499ab85856 ,     ,63.17 ,90.28 , 63.17 ,      60.29 ,126;0;0;0    ,words ,   25 ,-1          ,           0 ,       23.94 ,          0 ,                 0    ,false       ,false   ,english  ,none      ,normal     ,false    ,false     ,false     ,     ,1723195039000
66b5de856ec615499ab85740 ,     ,49.68 ,82.89 , 60.86 ,      58.37 ,111;6;2;2    ,words ,   25 ,-1          ,           0 ,       26.81 ,          0 ,                 0    ,false       ,false   ,english  ,none      ,normal     ,false    ,false     ,false     ,     ,1723195013000
66b5de696ec615499ab8562e ,     ,66.31 ,93.01 , 71.01 ,      67.27 ,127;1;1;0    ,words ,   25 ,-1          ,           0 ,       22.98 ,          0 ,                 0    ,false       ,false   ,english  ,none      ,normal     ,false    ,false     ,false     ,     ,1723194985000
66b5de516ec615499ab85535 ,     ,49.22 ,89.68 , 53.83 ,      48.74 ,128;2;0;0    ,words ,   25 ,-1          ,           0 ,       31.21 ,          0 ,                 0    ,false       ,false   ,english  ,none      ,normal     ,false    ,false     ,false     ,     ,1723194961000
66b5de306ec615499ab853dd ,     ,66.48 ,91.72 , 66.48 ,      53.54 ,133;0;0;0    ,words ,   25 ,-1          ,           0 ,       24.01 ,          0 ,                 0    ,false       ,false   ,english  ,none      ,normal     ,false    ,false     ,false     ,     ,1723194928000
66b5de176ec615499ab852c7 ,     ,61.42 ,89.29 , 61.42 ,      56.88 ,123;0;0;0    ,words ,   25 ,-1          ,           0 ,       24.03 ,          0 ,                 0    ,false       ,false   ,english  ,none      ,normal     ,false    ,false     ,false     ,     ,1723194903000
66b5ddfd6ec615499ab8519b ,     ,61.56 ,91.37 , 67.83 ,      68.53 ,118;2;1;1    ,words ,   25 ,-1          ,           0 ,       23    ,          1 ,                 0    ,false       ,false   ,english  ,none      ,normal     ,false    ,false     ,false     ,     ,1723194877000
66b5dde56ec615499ab85095 ,     ,58.84 ,88.65 , 64.33 ,      57.81 ,118;3;0;0    ,words ,   25 ,-1          ,           1 ,       24.06 ,          0 ,                 5.81 ,false       ,false   ,english  ,none      ,normal     ,false    ,false     ,false     ,     ,1723194853000
66b5ddc56ec615499ab84f45 ,     ,61.51 ,92.47 , 63.89 ,      64.37 ,129;0;0;1    ,words ,   25 ,-1          ,           0 ,       25.17 ,          0 ,                 0    ,false       ,false   ,english  ,none      ,normal     ,false    ,false     ,false     ,     ,1723194821000
66b5ddaa6ec615499ab84e3b ,     ,57.47 ,82.96 , 70.82 ,      51.11 ,99;6;2;1     ,words ,   25 ,-1          ,           1 ,       20.67 ,          0 ,                 4.45 ,false       ,false   ,english  ,none      ,normal     ,false    ,false     ,false     ,     ,1723194794000
66b5dd796ec615499ab84c29 ,     ,57.86 ,89.21 , 62.85 ,      57.45 ,116;2;0;0    ,words ,   25 ,-1          ,           0 ,       24.06 ,          0 ,                 0    ,false       ,false   ,english  ,none      ,normal     ,false    ,false     ,false     ,     ,1723194745000
66b5dd606ec615499ab84b01 ,     ,59.87 ,88.32 , 74.4  ,      67.85 ,103;4;1;0    ,words ,   25 ,-1          ,           0 ,       20.64 ,          0 ,                 0    ,false       ,false   ,english  ,none      ,normal     ,false    ,false     ,false     ,     ,1723194720000
66b5dd4a6ec615499ab84a03 ,     ,60.78 ,89.36 , 65.98 ,      58.54 ,117;2;0;1    ,words ,   25 ,-1          ,           0 ,       23.1  ,          0 ,                 0    ,false       ,false   ,english  ,none      ,normal     ,false    ,false     ,false     ,     ,1723194698000
66b5dd316ec615499ab84926 ,     ,62.35 ,92.59 , 62.35 ,      67.1  ,124;0;0;0    ,words ,   25 ,-1          ,           1 ,       23.86 ,          0 ,                 3.87 ,false       ,false   ,english  ,none      ,normal     ,false    ,false     ,false     ,     ,1723194673000
66b5dd136ec615499ab847f6 ,     ,59.76 ,86.57 , 77.44 ,      67.88 ,98;7;0;3     ,words ,   25 ,-1          ,           2 ,       19.68 ,          0 ,                 8.46 ,false       ,false   ,english  ,none      ,normal     ,false    ,false     ,false     ,     ,1723194643000
66b5dcf46ec615499ab846c4 ,     ,52.9  ,84.81 , 56.71 ,      60.39 ,125;2;0;1    ,words ,   25 ,-1          ,           4 ,       28.36 ,          0 ,                 8.01 ,false       ,false   ,english  ,none      ,normal     ,false    ,false     ,false     ,     ,1723194612000
66b5dcc96ec615499ab8451b ,     ,79.56 ,91.85 , 82.19 ,      66.48 ,121;0;0;1    ,words ,   25 ,-1          ,           2 ,       18.25 ,          0 ,                14.09 ,false       ,false   ,english  ,none      ,normal     ,false    ,false     ,false     ,     ,1723194569000
66b5dc536ec615499ab8406f ,     ,74.16 ,96    , 74.16 ,      59.27 ,119;0;0;0    ,words ,   25 ,-1          ,           0 ,       19.26 ,          0 ,                 0    ,false       ,false   ,english  ,none      ,normal     ,false    ,false     ,false     ,     ,1723194451000
66b5dc3f6ec615499ab83f83 ,     ,58.73 ,91.72 , 64.84 ,      64.84 ,125;1;2;0    ,words ,   25 ,-1          ,           2 ,       25.54 ,          0 ,                 5.17 ,false       ,false   ,english  ,none      ,normal     ,false    ,false     ,false     ,     ,1723194431000
66b5dc1c6ec615499ab83e30 ,     ,15.84 ,82.24 , 20.16 ,       0    ,110;10;1;3   ,words ,   25 ,-1          ,           2 ,       83.35 ,         57 ,                18.98 ,false       ,false   ,english  ,none      ,normal     ,false    ,false     ,false     ,     ,1723194396000
66b5a29f6ec615499ab64a20 ,     ,55.8  ,88.44 , 59.95 ,      55.52 ,121;2;0;2    ,words ,   25 ,-1          ,           0 ,       26.02 ,          0 ,                 0    ,false       ,false   ,english  ,none      ,normal     ,false    ,false     ,false     ,     ,1723179679000
66b5a2846ec615499ab64938 ,     ,60.09 ,89.44 , 67.28 ,      58.37 ,117;2;1;2    ,words ,   25 ,-1          ,           1 ,       23.36 ,          0 ,                22.98 ,false       ,false   ,english  ,none      ,normal     ,false    ,false     ,false     ,     ,1723179652000
66b5a2536ec615499ab64788 ,     ,71.31 ,93.63 , 73.87 ,      64.71 ,139;0;1;0    ,words ,   25 ,-1          ,           0 ,       23.39 ,          0 ,                 0    ,false       ,false   ,english  ,none      ,normal     ,false    ,false     ,false     ,     ,1723179603000
66b5a23a6ec615499ab646c0 ,     ,54.17 ,89.58 , 59.14 ,      50.31 ,120;1;0;1    ,words ,   25 ,-1          ,           0 ,       26.58 ,          1 ,                 0    ,false       ,false   ,english  ,none      ,normal     ,false    ,false     ,false     ,     ,1723179578000
66b5a21f6ec615499ab645df ,     ,65.38 ,90.78 , 65.38 ,      66.57 ,127;0;0;0    ,words ,   25 ,-1          ,           0 ,       23.31 ,          0 ,                 0    ,false       ,false   ,english  ,none      ,normal     ,false    ,false     ,false     ,     ,1723179551000
66b5a2066ec615499ab64503 ,     ,62.73 ,91.43 , 62.73 ,      60.57 ,128;0;0;0    ,words ,   25 ,-1          ,           0 ,       24.49 ,          0 ,                 0    ,false       ,false   ,english  ,none      ,normal     ,false    ,false     ,false     ,     ,1723179526000
66b5a1ea6ec615499ab6440f ,     ,68.81 ,89.13 , 74.64 ,      57.33 ,118;4;0;1    ,words ,   25 ,-1          ,           0 ,       20.58 ,          0 ,                 0    ,false       ,false   ,english  ,none      ,normal     ,false    ,false     ,false     ,     ,1723179498000
66b4e644e1ba0ec8edb513d3 ,     ,44.12 ,78.31 , 48.6  ,      56.41 ,118;4;1;1    ,words ,   25 ,-1          ,           0 ,       32.1  ,          0 ,                 0    ,false       ,false   ,english  ,none      ,normal     ,false    ,false     ,false     ,     ,1723131460000
66b4e623e1ba0ec8edb51225 ,     ,65.86 ,89.73 , 65.86 ,      59.76 ,129;0;0;0    ,words ,   25 ,-1          ,           0 ,       23.5  ,          0 ,                 0    ,false       ,false   ,english  ,none      ,normal     ,false    ,false     ,false     ,     ,1723131427000
66b4e601e1ba0ec8edb51071 ,     ,71.89 ,94.93 , 78.22 ,      69.69 ,125;1;2;0    ,words ,   25 ,-1          ,           0 ,       20.86 ,          0 ,                 0    ,false       ,false   ,english  ,none      ,normal     ,false    ,false     ,false     ,     ,1723131393000
66b4e5ebe1ba0ec8edb50f6b ,     ,63.35 ,91.14 , 63.35 ,      59.78 ,140;0;0;0    ,words ,   25 ,-1          ,           4 ,       26.52 ,          0 ,                 7.99 ,false       ,false   ,english  ,none      ,normal     ,false    ,false     ,false     ,     ,1723131371000
66b4e5c2e1ba0ec8edb50da5 ,     ,55.84 ,83.45 , 62.95 ,      54.05 ,110;5;0;1    ,words ,   25 ,-1          ,           1 ,       23.64 ,          0 ,                10.44 ,false       ,false   ,english  ,none      ,normal     ,false    ,false     ,false     ,     ,1723131330000
66b4e59ae1ba0ec8edb50b89 ,true ,82.21 ,93.13 , 85.58 ,      69.11 ,122;2;2;0    ,words ,   25 ,-1          ,           0 ,       17.81 ,          0 ,                 0    ,false       ,false   ,english  ,none      ,normal     ,false    ,false     ,false     ,     ,1723131290000
66b4e587e1ba0ec8edb50aa2 ,     ,54.62 ,88.59 , 60.59 ,      52.42 ,119;1;1;1    ,words ,   25 ,-1          ,           0 ,       26.14 ,          0 ,                 0    ,false       ,false   ,english  ,none      ,normal     ,false    ,false     ,false     ,     ,1723131271000
66b4e56ce1ba0ec8edb50976 ,     ,52.58 ,80.92 , 59.89 ,      61.9  ,115;6;1;1    ,words ,   25 ,-1          ,           1 ,       26.25 ,          0 ,                 1.37 ,false       ,false   ,english  ,none      ,normal     ,false    ,false     ,false     ,     ,1723131244000
66b4e54de1ba0ec8edb5082b ,     ,71.92 ,93.85 , 74.94 ,      66.87 ,119;2;0;0    ,words ,   25 ,-1          ,           0 ,       19.86 ,          0 ,                 0    ,false       ,false   ,english  ,none      ,normal     ,false    ,false     ,false     ,     ,1723131213000
66b4e538e1ba0ec8edb50725 ,     ,65.43 ,92.25 , 65.43 ,      60.52 ,129;0;0;0    ,words ,   25 ,-1          ,           4 ,       23.66 ,          0 ,                24.12 ,false       ,false   ,english  ,none      ,normal     ,false    ,false     ,false     ,     ,1723131192000
66b4e4fde1ba0ec8edb50445 ,     ,68.34 ,88.49 , 83.73 ,      71.78 ,111;9;0;2    ,words ,   25 ,-1          ,           0 ,       19.49 ,          0 ,                 0    ,false       ,false   ,english  ,none      ,normal     ,false    ,false     ,false     ,     ,1723131133000
66b4448251009ca6b5df0d35 ,     ,60.33 ,92.7  , 62.85 ,      55.39 ,120;2;0;1    ,words ,   25 ,-1          ,           4 ,       23.87 ,          0 ,                29.06 ,false       ,false   ,english  ,none      ,normal     ,false    ,false     ,false     ,     ,1723090050000
66b4442251009ca6b5df09ca ,     ,52.93 ,84.52 , 55.02 ,      54.3  ,127;0;1;0    ,words ,   25 ,-1          ,           1 ,       28.79 ,          0 ,                 7.59 ,false       ,false   ,english  ,none      ,normal     ,false    ,false     ,false     ,     ,1723089954000
66b443fa51009ca6b5df0863 ,     ,71.12 ,92.97 , 77.41 ,      59.46 ,113;3;0;0    ,words ,   25 ,-1          ,           0 ,       19.07 ,          0 ,                 0    ,false       ,false   ,english  ,none      ,normal     ,false    ,false     ,false     ,     ,1723089914000
66a707c24e481c00f5acaf25 ,     ,61.82 ,91.18 , 61.82 ,      59.74 ,122;0;0;0    ,words ,   25 ,-1          ,           0 ,       23.68 ,          0 ,                 0    ,false       ,false   ,english  ,none      ,normal     ,false    ,false     ,false     ,     ,1722222530000
66a6f1214e481c00f5ac0b06 ,     ,46.39 ,88.57 , 46.39 ,      50.67 ,123;0;0;0    ,words ,   25 ,-1          ,           0 ,       31.82 ,          0 ,                 0    ,false       ,false   ,english  ,none      ,normal     ,false    ,false     ,false     ,     ,1722216737000
66a6f0ff4e481c00f5ac0a35 ,     ,58.68 ,96.32 , 58.68 ,      59.88 ,131;0;0;0    ,words ,   25 ,-1          ,           0 ,       26.79 ,          0 ,                 0    ,false       ,false   ,english  ,none      ,normal     ,false    ,false     ,false     ,     ,1722216703000
66a6f0e24e481c00f5ac0991 ,     ,47.45 ,91.85 , 49.43 ,      53.57 ,120;1;0;0    ,words ,   25 ,-1          ,           0 ,       30.35 ,          0 ,                 0    ,false       ,false   ,english  ,none      ,normal     ,false    ,false     ,false     ,     ,1722216674000
669e66f27ad1c2217ece9977 ,     ,49.57 ,91.85 , 54.7  ,      36.19 ,116;1;1;1    ,words ,   25 ,-1          ,           2 ,       28.08 ,          3 ,                 3.63 ,false       ,false   ,english  ,none      ,normal     ,false    ,false     ,false     ,     ,1721657074000
669e664c7ad1c2217ece91a6 ,     ,55.89 ,89.86 , 55.89 ,      44.61 ,129;0;0;0    ,words ,   25 ,-1          ,           0 ,       27.7  ,          1 ,                 0    ,false       ,false   ,english  ,none      ,normal     ,false    ,false     ,false     ,     ,1721656908000
669cceae82df16123dd0d7f2 ,     ,55.9  ,88.24 , 65.22 ,      65.96 ,108;2;1;1    ,words ,   25 ,-1          ,           0 ,       23.18 ,          0 ,                 0    ,false       ,false   ,english  ,none      ,normal     ,false    ,false     ,false     ,     ,1721552558000
669ccdb982df16123dd0d061 ,     ,60.61 ,88.82 , 64.43 ,      64.92 ,127;0;0;1    ,words ,   25 ,-1          ,           0 ,       25.14 ,          0 ,                 0    ,false       ,false   ,english  ,none      ,normal     ,false    ,false     ,false     ,     ,1721552313000
669ccd9782df16123dd0cf59 ,     ,43.39 ,81.29 , 51.55 ,      47.08 ,101;4;0;2    ,words ,   25 ,-1          ,           0 ,       27.94 ,          0 ,                 0    ,false       ,false   ,english  ,none      ,normal     ,false    ,false     ,false     ,     ,1721552279000
669ccd7a82df16123dd0ce6c ,     ,51.15 ,87.5  , 52.87 ,      62.35 ,119;1;0;0    ,words ,   25 ,-1          ,           0 ,       27.92 ,          0 ,                 0    ,false       ,false   ,english  ,none      ,normal     ,false    ,false     ,false     ,     ,1721552250000
669ccd5982df16123dd0cd6b ,     ,38.3  ,89.73 , 38.3  ,      12.46 ,130;0;0;0    ,words ,   25 ,-1          ,           3 ,       40.73 ,         13 ,                34.14 ,false       ,false   ,english  ,none      ,normal     ,false    ,false     ,false     ,     ,1721552217000
669ccc2482df16123dd0c403 ,     ,45.98 ,78.26 , 57.06 ,      53.79 ,112;7;4;2    ,words ,   25 ,-1          ,           0 ,       29.23 ,          0 ,                 0    ,false       ,false   ,english  ,none      ,normal     ,false    ,false     ,false     ,     ,1721551908000
669ccc0582df16123dd0c300 ,     ,44.82 ,82.19 , 54.21 ,      46.1  ,105;6;0;1    ,words ,   25 ,-1          ,           0 ,       28.11 ,          0 ,                 0    ,false       ,false   ,english  ,none      ,normal     ,false    ,false     ,false     ,     ,1721551877000
669ccbe882df16123dd0c218 ,     ,45.81 ,81.94 , 54.32 ,      41.04 ,113;7;2;0    ,words ,   25 ,-1          ,           0 ,       29.6  ,          2 ,                 0    ,false       ,false   ,english  ,none      ,normal     ,false    ,false     ,false     ,     ,1721551848000
669ccbc982df16123dd0c131 ,     ,65.89 ,91.24 , 69.77 ,      57.42 ,119;1;0;1    ,words ,   25 ,-1          ,           0 ,       21.67 ,          0 ,                 0    ,false       ,false   ,english  ,none      ,normal     ,false    ,false     ,false     ,     ,1721551817000
669ccb9382df16123dd0bf71 ,     ,55.43 ,84.87 , 62.48 ,      62    ,118;5;1;1    ,words ,   25 ,-1          ,           1 ,       25.54 ,          0 ,                 1.96 ,false       ,false   ,english  ,none      ,normal     ,false    ,false     ,false     ,     ,1721551762000
669ccb7682df16123dd0beab ,     ,69.52 ,91.78 , 74.4  ,      55.83 ,128;2;1;0    ,words ,   25 ,-1          ,           3 ,       22.1  ,          0 ,                 3.81 ,false       ,false   ,english  ,none      ,normal     ,false    ,false     ,false     ,     ,1721551734000
669ccb5382df16123dd0bdbf ,     ,69.93 ,92.59 , 74.01 ,      66.75 ,120;2;0;0    ,words ,   25 ,-1          ,           0 ,       20.59 ,          0 ,                 0    ,false       ,false   ,english  ,none      ,normal     ,false    ,false     ,false     ,     ,1721551699000
669ccb3c82df16123dd0bd1b ,     ,56.79 ,83.54 , 59.03 ,      54.58 ,127;0;1;0    ,words ,   25 ,-1          ,           0 ,       26.83 ,          0 ,                 0    ,false       ,false   ,english  ,none      ,normal     ,false    ,false     ,false     ,     ,1721551675000
669ccb1f82df16123dd0bc39 ,     ,56.78 ,85.62 , 61.6  ,      63.47 ,118;0;1;1    ,words ,   25 ,-1          ,           1 ,       24.94 ,          0 ,                12.34 ,false       ,false   ,english  ,none      ,normal     ,false    ,false     ,false     ,     ,1721551647000
669ccaf782df16123dd0bb32 ,     ,59.28 ,90    , 61.71 ,      63.06 ,122;1;0;0    ,words ,   25 ,-1          ,           0 ,       24.7  ,          0 ,                 0    ,false       ,false   ,english  ,none      ,normal     ,false    ,false     ,false     ,     ,1721551607000
669ccadd82df16123dd0ba96 ,     ,60.74 ,88.44 , 60.74 ,      55.11 ,128;0;0;0    ,words ,   25 ,-1          ,           0 ,       25.29 ,          0 ,                 0    ,false       ,false   ,english  ,none      ,normal     ,false    ,false     ,false     ,     ,1721551581000
669ccac282df16123dd0b9d7 ,     ,58.13 ,90    , 67.81 ,      42.06 ,108;6;0;0    ,words ,   25 ,-1          ,           1 ,       22.3  ,          3 ,                 3.87 ,false       ,false   ,english  ,none      ,normal     ,false    ,false     ,false     ,     ,1721551554000
669c873882df16123dcedb79 ,     ,72.14 ,94.78 , 72.14 ,      61.8  ,126;0;0;0    ,words ,   25 ,-1          ,           0 ,       20.96 ,          0 ,                 0    ,false       ,false   ,english  ,none      ,normal     ,false    ,false     ,false     ,     ,1721534264000
669c872182df16123dcedae8 ,     ,52.25 ,98.58 , 52.25 ,      49.39 ,138;0;0;0    ,words ,   25 ,-1          ,           0 ,       31.7  ,          3 ,                 0    ,false       ,false   ,english  ,none      ,normal     ,false    ,false     ,false     ,     ,1721534241000
669c86fb82df16123dceda0a ,     ,43.21 ,92.72 , 43.21 ,      47.17 ,139;0;0;0    ,words ,   25 ,-1          ,           0 ,       38.6  ,          0 ,                 0    ,false       ,false   ,english  ,none      ,normal     ,false    ,false     ,false     ,     ,1721534203000
669c86d382df16123dced90b ,     ,59.75 ,96.09 , 59.75 ,      60.73 ,123;0;0;0    ,words ,   25 ,-1          ,           0 ,       24.7  ,          0 ,                 0    ,false       ,false   ,english  ,none      ,normal     ,false    ,false     ,false     ,     ,1721534163000
669c86b182df16123dced836 ,     ,42.33 ,90.28 , 42.33 ,      40.55 ,124;0;0;0    ,words ,   25 ,-1          ,           0 ,       35.15 ,          0 ,                 0    ,false       ,false   ,english  ,none      ,normal     ,false    ,false     ,false     ,     ,1721534129000
669c868d82df16123dced75c ,     ,52.49 ,90.48 , 55.43 ,      46.78 ,107;3;1;0    ,words ,   25 ,-1          ,           0 ,       24.46 ,          0 ,                 0    ,false       ,false   ,english  ,none      ,normal     ,false    ,false     ,false     ,     ,1721534093000
669c867182df16123dced6a2 ,     ,26.98 ,91.24 , 28.52 ,       0.75 ,122;3;0;1    ,words ,   25 ,-1          ,           0 ,       54.27 ,         31 ,                 0    ,false       ,false   ,english  ,none      ,normal     ,false    ,false     ,false     ,     ,1721534065000
669ba45a82df16123dc8c993 ,     ,60.39 ,93.66 , 60.39 ,      63.91 ,130;0;0;0    ,words ,   25 ,-1          ,           0 ,       25.83 ,          0 ,                 0    ,false       ,false   ,english  ,none      ,normal     ,false    ,false     ,false     ,     ,1721476186000
669ba43f82df16123dc8c8a0 ,     ,62.85 ,91.61 , 62.85 ,      61.52 ,130;0;0;0    ,words ,   25 ,-1          ,           0 ,       24.82 ,          0 ,                 0    ,false       ,false   ,english  ,none      ,normal     ,false    ,false     ,false     ,     ,1721476159000
669ba42582df16123dc8c7c1 ,     ,49.81 ,86.33 , 58.11 ,      51.15 ,108;1;1;2    ,words ,   25 ,-1          ,           0 ,       26.02 ,          0 ,                 0    ,false       ,false   ,english  ,none      ,normal     ,false    ,false     ,false     ,     ,1721476133000
6696823382df16123d9f4eee ,     ,55.68 ,87.41 , 55.68 ,      60.27 ,125;0;0;0    ,words ,   25 ,-1          ,           0 ,       26.94 ,          0 ,                 0    ,false       ,false   ,english  ,none      ,normal     ,false    ,false     ,false     ,     ,1721139763000
6696821682df16123d9f4daf ,     ,45.35 ,83.23 , 47.13 ,      62.09 ,127;3;0;1    ,words ,   25 ,-1          ,           0 ,       33.61 ,          0 ,                 0    ,false       ,false   ,english  ,none      ,normal     ,false    ,false     ,false     ,     ,1721139734000
669681f382df16123d9f4c29 ,     ,59.69 ,91.67 , 59.69 ,      67.83 ,132;0;0;0    ,words ,   25 ,-1          ,           0 ,       26.54 ,          0 ,                 0    ,false       ,false   ,english  ,none      ,normal     ,false    ,false     ,false     ,     ,1721139699000
669681d782df16123d9f4b05 ,     ,54.97 ,93.06 , 59.84 ,      60.2  ,124;0;1;1    ,words ,   25 ,-1          ,           0 ,       27.07 ,          0 ,                 0    ,false       ,false   ,english  ,none      ,normal     ,false    ,false     ,false     ,     ,1721139671000
669681bb82df16123d9f49b9 ,     ,56.01 ,88.81 , 58.27 ,      51.02 ,124;1;0;0    ,words ,   25 ,-1          ,           0 ,       26.57 ,          1 ,                 0    ,false       ,false   ,english  ,none      ,normal     ,false    ,false     ,false     ,     ,1721139643000
6696819f82df16123d9f4885 ,     ,57.43 ,87.41 , 70.89 ,      57.12 ,111;7;1;1    ,words ,   25 ,-1          ,           0 ,       23.19 ,          0 ,                 0    ,false       ,false   ,english  ,none      ,normal     ,false    ,false     ,false     ,     ,1721139615000
6696815482df16123d9f4544 ,     ,44.15 ,84.97 , 46.24 ,      43.65 ,127;3;0;0    ,words ,   25 ,-1          ,           1 ,       34.52 ,          0 ,                20.45 ,false       ,false   ,english  ,none      ,normal     ,false    ,false     ,false     ,     ,1721139540000
6696811a82df16123d9f42aa ,     ,47.37 ,86.88 , 50.36 ,      50.32 ,127;0;0;1    ,words ,   25 ,-1          ,           0 ,       32.17 ,          1 ,                 0    ,false       ,false   ,english  ,none      ,normal     ,false    ,false     ,false     ,     ,1721139482000
669220749b66a9bab0930dca ,     ,62.58 ,94.2  , 63.07 ,      49.36 ,127;0;0;3    ,words ,   25 ,-1          ,           0 ,       24.35 ,          3 ,                 0    ,false       ,false   ,english  ,none      ,normal     ,false    ,false     ,false     ,     ,1720852596000
6692205a9b66a9bab0930d30 ,     ,63.98 ,89.12 , 69.02 ,      57.48 ,127;4;1;0    ,words ,   25 ,-1          ,           1 ,       23.82 ,          0 ,                16.54 ,false       ,false   ,english  ,none      ,normal     ,false    ,false     ,false     ,     ,1720852570000
6692202e9b66a9bab0930bff ,     ,64.43 ,89.1  , 77.21 ,      68.61 ,121;2;2;1    ,words ,   25 ,-1          ,           0 ,       22.54 ,          0 ,                 0    ,false       ,false   ,english  ,none      ,normal     ,false    ,false     ,false     ,     ,1720852526000
669220159b66a9bab0930b4b ,     ,58.39 ,89.4  , 58.39 ,      60.58 ,132;0;0;0    ,words ,   25 ,-1          ,           0 ,       27.13 ,          0 ,                 0    ,false       ,false   ,english  ,none      ,normal     ,false    ,false     ,false     ,     ,1720852501000
66921ff99b66a9bab0930a84 ,     ,56.03 ,83.77 , 65.61 ,      48.22 ,117;6;0;0    ,words ,   25 ,-1          ,           3 ,       25.06 ,          0 ,                 5.07 ,false       ,false   ,english  ,none      ,normal     ,false    ,false     ,false     ,     ,1720852473000
66921fc29b66a9bab093090d ,     ,76.1  ,90.6  , 77.83 ,      65.98 ,132;0;0;1    ,words ,   25 ,-1          ,           2 ,       20.82 ,          0 ,                 2.87 ,false       ,false   ,english  ,none      ,normal     ,false    ,false     ,false     ,     ,1720852418000
669205e89b66a9bab09251d7 ,     ,69.68 ,95.8  , 69.68 ,      62.4  ,133;0;0;0    ,words ,   25 ,-1          ,           0 ,       22.9  ,          0 ,                 0    ,false       ,false   ,english  ,none      ,normal     ,false    ,false     ,false     ,     ,1720845800000
669205d19b66a9bab092511b ,     ,57.69 ,87.92 , 57.69 ,      61.59 ,129;0;0;0    ,words ,   25 ,-1          ,           4 ,       26.83 ,          0 ,                 4.35 ,false       ,false   ,english  ,none      ,normal     ,false    ,false     ,false     ,     ,1720845777000
669205a89b66a9bab0924ffd ,     ,54.67 ,91.6  , 59.94 ,      34.95 ,114;3;0;1    ,words ,   25 ,-1          ,           0 ,       25.02 ,          4 ,                 0    ,false       ,false   ,english  ,none      ,normal     ,false    ,false     ,false     ,     ,1720845736000
6692058e9b66a9bab0924f47 ,     ,76.63 ,97.06 , 76.63 ,      76.72 ,132;0;0;0    ,words ,   25 ,-1          ,           0 ,       20.67 ,          0 ,                 0    ,false       ,false   ,english  ,none      ,normal     ,false    ,false     ,false     ,     ,1720845710000
669205789b66a9bab0924ea7 ,     ,54.72 ,89.44 , 62.47 ,      51.1  ,113;3;0;1    ,words ,   25 ,-1          ,           0 ,       24.78 ,          0 ,                 0    ,false       ,false   ,english  ,none      ,normal     ,false    ,false     ,false     ,     ,1720845688000
6690a8db9b66a9bab0876532 ,     ,52.82 ,83.23 , 61.12 ,      59.34 ,121;3;2;0    ,words ,   25 ,-1          ,           2 ,       27.49 ,          0 ,                 9.46 ,false       ,false   ,english  ,none      ,normal     ,false    ,false     ,false     ,     ,1720756443000
6690a8b09b66a9bab0876411 ,     ,68.28 ,92.81 , 71.08 ,      53.94 ,122;0;0;1    ,words ,   25 ,-1          ,           0 ,       21.44 ,          0 ,                 0    ,false       ,false   ,english  ,none      ,normal     ,false    ,false     ,false     ,     ,1720756400000
668e2c9d9b66a9bab07246f5 ,     ,44.04 ,80.68 , 46.77 ,      54.88 ,129;2;0;0    ,words ,   25 ,-1          ,           0 ,       35.15 ,          0 ,                 0    ,false       ,false   ,english  ,none      ,normal     ,false    ,false     ,false     ,     ,1720593565000
668e2c0e9b66a9bab07241cf ,     ,60.92 ,92.86 , 63.8  ,      59.44 ,127;4;0;1    ,words ,   25 ,-1          ,           0 ,       25.02 ,          0 ,                 0    ,false       ,false   ,english  ,none      ,normal     ,false    ,false     ,false     ,     ,1720593422000
668e2bf49b66a9bab07240db ,     ,40.31 ,81.76 , 50.1  ,      57.29 ,107;4;1;0    ,words ,   25 ,-1          ,           0 ,       31.86 ,          0 ,                 0    ,false       ,false   ,english  ,none      ,normal     ,false    ,false     ,false     ,     ,1720593396000
668e2bd39b66a9bab0723f8b ,     ,56.81 ,88.89 , 60.04 ,      64.26 ,123;2;0;0    ,words ,   25 ,-1          ,           0 ,       25.98 ,          0 ,                 0    ,false       ,false   ,english  ,none      ,normal     ,false    ,false     ,false     ,     ,1720593363000
668e2bb79b66a9bab0723ea0 ,     ,67.2  ,92.31 , 67.2  ,      56.31 ,130;0;0;0    ,words ,   25 ,-1          ,           0 ,       23.21 ,          0 ,                 0    ,false       ,false   ,english  ,none      ,normal     ,false    ,false     ,false     ,     ,1720593335000
668e2b9e9b66a9bab0723dbd ,     ,56.08 ,88.41 , 56.08 ,      55.08 ,122;0;0;0    ,words ,   25 ,-1          ,           0 ,       26.11 ,          0 ,                 0    ,false       ,false   ,english  ,none      ,normal     ,false    ,false     ,false     ,     ,1720593310000
668e2b739b66a9bab0723c33 ,     ,51.75 ,83.82 , 61.89 ,      53.45 ,102;6;2;0    ,words ,   25 ,-1          ,           0 ,       23.65 ,          0 ,                 0    ,false       ,false   ,english  ,none      ,normal     ,false    ,false     ,false     ,     ,1720593267000
668e08539b66a9bab07126a8 ,     ,58.36 ,88.81 , 64.84 ,      48.38 ,117;2;0;1    ,words ,   25 ,-1          ,           1 ,       24.06 ,          0 ,                22.71 ,false       ,false   ,english  ,none      ,normal     ,false    ,false     ,false     ,     ,1720584275000
668dec739b66a9bab0706140 ,     ,59    ,92.86 , 59    ,      54.29 ,130;0;0;0    ,words ,   25 ,-1          ,           0 ,       26.44 ,          0 ,                 0    ,false       ,false   ,english  ,none      ,normal     ,false    ,false     ,false     ,     ,1720577139000
668debc09b66a9bab0705c8c ,     ,45.74 ,87.77 , 45.74 ,      53.8  ,121;0;0;0    ,words ,   25 ,-1          ,           0 ,       31.74 ,          0 ,                 0    ,false       ,false   ,english  ,none      ,normal     ,false    ,false     ,false     ,     ,1720576960000
668deb9f9b66a9bab0705bb3 ,     ,43.73 ,89.86 , 43.73 ,      36.11 ,133;0;0;0    ,words ,   25 ,-1          ,           1 ,       36.5  ,          1 ,                 5.95 ,false       ,false   ,english  ,none      ,normal     ,false    ,false     ,false     ,     ,1720576927000
668d71a28fe0103e5f8a795d ,     ,61.66 ,88.28 , 67.42 ,      64.51 ,107;2;0;3    ,words ,   25 ,-1          ,           1 ,       20.82 ,          0 ,                15.42 ,false       ,false   ,english  ,none      ,normal     ,false    ,false     ,false     ,     ,1720545698000
668d71788fe0103e5f8a77cf ,     ,64.13 ,88.89 , 67.06 ,      55.89 ,131;2;0;0    ,words ,   25 ,-1          ,           0 ,       24.51 ,          0 ,                 0    ,false       ,false   ,english  ,none      ,normal     ,false    ,false     ,false     ,     ,1720545656000
668c13128fe0103e5f7e84f5 ,     ,61.29 ,92.06 , 65.75 ,      57.09 ,110;0;1;1    ,words ,   25 ,-1          ,           1 ,       21.54 ,          0 ,                 0.11 ,false       ,false   ,english  ,none      ,normal     ,false    ,false     ,false     ,     ,1720455954000
668c12fa8fe0103e5f7e83c8 ,     ,56.39 ,83.45 , 64.51 ,      54.7  ,118;9;2;1    ,words ,   25 ,-1          ,           1 ,       25.11 ,          0 ,                 1.45 ,false       ,false   ,english  ,none      ,normal     ,false    ,false     ,false     ,     ,1720455930000
668c12dd8fe0103e5f7e827a ,     ,59.38 ,86.84 , 62.19 ,      50.94 ,127;0;0;1    ,words ,   25 ,-1          ,           0 ,       25.66 ,          0 ,                 0    ,false       ,false   ,english  ,none      ,normal     ,false    ,false     ,false     ,     ,1720455901000
668c128e8fe0103e5f7e7ef1 ,     ,59.6  ,92.86 , 65.56 ,      52.43 ,120;1;0;2    ,words ,   25 ,-1          ,           0 ,       24.16 ,          0 ,                 0    ,false       ,false   ,english  ,none      ,normal     ,false    ,false     ,false     ,     ,1720455822000
668c0f018fe0103e5f7e5922 ,     ,58.31 ,86.36 , 66.26 ,      48.84 ,110;7;1;1    ,words ,   25 ,-1          ,           0 ,       22.64 ,          1 ,                 0    ,false       ,false   ,english  ,none      ,normal     ,false    ,false     ,false     ,     ,1720454913000
668c0ee98fe0103e5f7e581b ,     ,65.34 ,89.21 , 75.57 ,      56.46 ,115;4;2;1    ,words ,   25 ,-1          ,           3 ,       21.12 ,          0 ,                 3.85 ,false       ,false   ,english  ,none      ,normal     ,false    ,false     ,false     ,     ,1720454889000
668be9978fe0103e5f7c9d8c ,     ,61.45 ,88.55 , 69.83 ,      61.63 ,110;5;1;1    ,words ,   25 ,-1          ,           0 ,       21.48 ,          0 ,                 0    ,false       ,false   ,english  ,none      ,normal     ,false    ,false     ,false     ,     ,1720445335000
668be9808fe0103e5f7c9ca1 ,     ,75.71 ,94.24 , 78.08 ,      64.36 ,128;1;0;0    ,words ,   25 ,-1          ,           0 ,       20.29 ,          0 ,                 0    ,false       ,false   ,english  ,none      ,normal     ,false    ,false     ,false     ,     ,1720445312000
668be96a8fe0103e5f7c9b98 ,     ,61.49 ,88.65 , 65.7  ,      61.21 ,117;2;0;0    ,words ,   25 ,-1          ,           0 ,       22.83 ,          0 ,                 0    ,false       ,false   ,english  ,none      ,normal     ,false    ,false     ,false     ,     ,1720445290000
668be9528fe0103e5f7c9a7a ,     ,56.39 ,85.52 , 69.96 ,      59.18 ,108;5;2;1    ,words ,   25 ,-1          ,           0 ,       22.98 ,          0 ,                 0    ,false       ,false   ,english  ,none      ,normal     ,false    ,false     ,false     ,     ,1720445266000
668be9398fe0103e5f7c994f ,     ,66.84 ,91.43 , 72.37 ,      56.34 ,121;3;0;2    ,words ,   25 ,-1          ,           0 ,       21.72 ,          0 ,                 0    ,false       ,false   ,english  ,none      ,normal     ,false    ,false     ,false     ,     ,1720445241000
6687d36d82c1af7317d366f1 ,     ,69.35 ,92.31 , 75.38 ,      65.71 ,115;3;0;0    ,words ,   25 ,-1          ,           0 ,       19.9  ,          0 ,                 0    ,false       ,false   ,english  ,none      ,normal     ,false    ,false     ,false     ,     ,1720177517000
667b7b666dc967ef98c15b7c ,     ,50.97 ,85.89 , 50.97 ,      57.18 ,138;0;0;0    ,words ,   25 ,-1          ,           0 ,       32.49 ,          0 ,                 0    ,false       ,false   ,english  ,none      ,normal     ,false    ,false     ,false     ,     ,1719368550000
667b7b3a6dc967ef98c15a4c ,     ,60.79 ,94.03 , 62.26 ,      64.27 ,124;0;0;1    ,words ,   25 ,-1          ,           0 ,       24.48 ,          0 ,                 0    ,false       ,false   ,english  ,none      ,normal     ,false    ,false     ,false     ,     ,1719368506000
667b7b206dc967ef98c15984 ,     ,48.26 ,88.67 , 51.73 ,      42.96 ,125;0;0;2    ,words ,   25 ,-1          ,           0 ,       31.08 ,          2 ,                 0    ,false       ,false   ,english  ,none      ,normal     ,false    ,false     ,false     ,     ,1719368480000
66758e296dc967ef98924d3d ,     ,56.49 ,91.03 , 57.74 ,      57.65 ,136;0;0;1    ,words ,   25 ,-1          ,           0 ,       28.89 ,          0 ,                 0    ,false       ,false   ,english  ,none      ,normal     ,false    ,false     ,false     ,     ,1718980137000
66758d7f6dc967ef98924637 ,     ,49.37 ,87.5  , 52.05 ,      50.17 ,129;3;1;0    ,words ,   25 ,-1          ,           1 ,       31.35 ,          1 ,                 5.07 ,false       ,false   ,english  ,none      ,normal     ,false    ,false     ,false     ,     ,1718979967000
66758d576dc967ef98924479 ,     ,68.56 ,95.62 , 74.04 ,      62.32 ,125;2;0;1    ,words ,   25 ,-1          ,           0 ,       21.88 ,          0 ,                 0    ,false       ,false   ,english  ,none      ,normal     ,false    ,false     ,false     ,     ,1718979927000
6674fd446dc967ef988d2eef ,     ,57.71 ,87.35 , 62.31 ,      58.13 ,138;3;1;0    ,words ,   25 ,-1          ,           0 ,       28.7  ,          0 ,                 0    ,false       ,false   ,english  ,none      ,normal     ,false    ,false     ,false     ,     ,1718943044000
6674fbc76dc967ef988d235a ,     ,46.96 ,85.82 , 51.05 ,      53.08 ,115;3;0;1    ,words ,   25 ,-1          ,           0 ,       29.38 ,          0 ,                 0    ,false       ,false   ,english  ,none      ,normal     ,false    ,false     ,false     ,     ,1718942663000
6674fba56dc967ef988d2273 ,     ,52.61 ,86.33 , 62.44 ,      61.92 ,107;4;1;1    ,words ,   25 ,-1          ,           0 ,       24.41 ,          0 ,                 0    ,false       ,false   ,english  ,none      ,normal     ,false    ,false     ,false     ,     ,1718942629000
6674fb876dc967ef988d218a ,     ,43.39 ,88.16 , 43.39 ,      42.09 ,134;0;0;0    ,words ,   25 ,-1          ,           0 ,       37.06 ,          0 ,                 0    ,false       ,false   ,english  ,none      ,normal     ,false    ,false     ,false     ,     ,1718942599000
6674fb5b6dc967ef988d2064 ,     ,55.3  ,87.79 , 66.57 ,      49.8  ,103;4;1;3    ,words ,   25 ,-1          ,           0 ,       22.35 ,          0 ,                 0    ,false       ,false   ,english  ,none      ,normal     ,false    ,false     ,false     ,     ,1718942555000
6674fb3f6dc967ef988d1f97 ,     ,74.26 ,89.76 , 85.16 ,      75.31 ,109;8;0;3    ,words ,   25 ,-1          ,           0 ,       17.61 ,          0 ,                 0    ,false       ,false   ,english  ,none      ,normal     ,false    ,false     ,false     ,     ,1718942527000
666d26acede857f972f4acc4 ,     ,63.35 ,93.92 , 67.22 ,      68.28 ,131;1;0;1    ,words ,   25 ,-1          ,           0 ,       24.82 ,          0 ,                 0    ,false       ,false   ,english  ,none      ,normal     ,false    ,false     ,false     ,     ,1718429356000
666d2690ede857f972f4abf5 ,     ,63.46 ,94.33 , 63.46 ,      58.81 ,131;0;0;0    ,words ,   25 ,-1          ,           0 ,       24.77 ,          0 ,                 0    ,false       ,false   ,english  ,none      ,normal     ,false    ,false     ,false     ,     ,1718429328000
666ccdf2ede857f972f2afac ,     ,44.04 ,83.44 , 48.85 ,      49.35 ,119;6;1;1    ,words ,   25 ,-1          ,           0 ,       32.42 ,          0 ,                 0    ,false       ,false   ,english  ,none      ,normal     ,false    ,false     ,false     ,     ,1718406642000
666ccdc5ede857f972f2aec3 ,     ,50.49 ,92.62 , 53.21 ,      52.78 ,130;1;0;1    ,words ,   25 ,-1          ,           0 ,       30.9  ,          0 ,                 0    ,false       ,false   ,english  ,none      ,normal     ,false    ,false     ,false     ,     ,1718406597000
666ccda5ede857f972f2ae08 ,     ,49.66 ,87.33 , 49.66 ,      49.95 ,130;0;0;0    ,words ,   25 ,-1          ,           0 ,       31.42 ,          0 ,                 0    ,false       ,false   ,english  ,none      ,normal     ,false    ,false     ,false     ,     ,1718406565000
666ccd84ede857f972f2ad59 ,     ,59.89 ,92.96 , 62.18 ,      55.06 ,131;3;0;1    ,words ,   25 ,-1          ,           0 ,       26.25 ,          0 ,                 0    ,false       ,false   ,english  ,none      ,normal     ,false    ,false     ,false     ,     ,1718406532000
666ccd2eede857f972f2ab87 ,     ,58.23 ,93.1  , 60.42 ,      63.14 ,133;2;0;0    ,words ,   25 ,-1          ,           0 ,       27.41 ,          0 ,                 0    ,false       ,false   ,english  ,none      ,normal     ,false    ,false     ,false     ,     ,1718406446000
666ccd11ede857f972f2aaea ,     ,51.38 ,93.98 , 51.38 ,      51.13 ,125;0;0;0    ,words ,   25 ,-1          ,           0 ,       29.19 ,          0 ,                 0    ,false       ,false   ,english  ,none      ,normal     ,false    ,false     ,false     ,     ,1718406417000
666cccf2ede857f972f2aa31 ,     ,36.07 ,84.85 , 37.39 ,      42.84 ,136;1;0;0    ,words ,   25 ,-1          ,           0 ,       45.25 ,          4 ,                 0    ,false       ,false   ,english  ,none      ,normal     ,false    ,false     ,false     ,     ,1718406386000
666cccc3ede857f972f2a94b ,     ,50.98 ,89.51 , 52.64 ,      61.41 ,123;0;0;1    ,words ,   25 ,-1          ,           0 ,       28.95 ,          0 ,                 0    ,false       ,false   ,english  ,none      ,normal     ,false    ,false     ,false     ,     ,1718406339000
666ccca5ede857f972f2a8b2 ,     ,59.23 ,91.55 , 59.23 ,      46.54 ,126;0;0;0    ,words ,   25 ,-1          ,           0 ,       25.53 ,          0 ,                 0    ,false       ,false   ,english  ,none      ,normal     ,false    ,false     ,false     ,     ,1718406309000
666ccc8aede857f972f2a833 ,     ,57.57 ,92.65 , 57.57 ,      62.78 ,125;0;0;0    ,words ,   25 ,-1          ,           0 ,       26.06 ,          0 ,                 0    ,false       ,false   ,english  ,none      ,normal     ,false    ,false     ,false     ,     ,1718406282000
666ccc6fede857f972f2a7aa ,     ,47.63 ,91.16 , 49.83 ,      56.21 ,130;0;1;0    ,words ,   25 ,-1          ,           0 ,       32.75 ,          0 ,                 0    ,false       ,false   ,english  ,none      ,normal     ,false    ,false     ,false     ,     ,1718406255000
666ccc4dede857f972f2a6fd ,     ,51.1  ,89.93 , 53.87 ,      56.65 ,129;0;0;2    ,words ,   25 ,-1          ,           0 ,       30.3  ,          0 ,                 0    ,false       ,false   ,english  ,none      ,normal     ,false    ,false     ,false     ,     ,1718406221000
666ccc2dede857f972f2a66b ,     ,59.28 ,94.52 , 59.28 ,      68.76 ,138;0;0;0    ,words ,   25 ,-1          ,           0 ,       27.94 ,          0 ,                 0    ,false       ,false   ,english  ,none      ,normal     ,false    ,false     ,false     ,     ,1718406189000
666ccc10ede857f972f2a5d9 ,     ,47.44 ,88.03 , 49.42 ,      49.36 ,120;1;0;1    ,words ,   25 ,-1          ,           0 ,       30.35 ,          0 ,                 0    ,false       ,false   ,english  ,none      ,normal     ,false    ,false     ,false     ,     ,1718406160000
666ccbf0ede857f972f2a535 ,     ,60.22 ,94.85 , 60.22 ,      63.51 ,129;0;0;0    ,words ,   25 ,-1          ,           0 ,       25.7  ,          0 ,                 0    ,false       ,false   ,english  ,none      ,normal     ,false    ,false     ,false     ,     ,1718406128000
666ccbcfede857f972f2a47d ,     ,52.13 ,89.33 , 52.13 ,      57.04 ,131;0;0;0    ,words ,   25 ,-1          ,           1 ,       30.15 ,          0 ,                 1.1  ,false       ,false   ,english  ,none      ,normal     ,false    ,false     ,false     ,     ,1718406095000
6667fdae338802e28defc2a1 ,     ,77.81 ,99.14 , 77.81 ,      78.24 ,115;0;0;0    ,words ,   25 ,-1          ,           0 ,       17.74 ,          0 ,                 0    ,false       ,false   ,english  ,none      ,normal     ,false    ,false     ,false     ,     ,1718091182000
6667fd9b338802e28defc1eb ,     ,45.4  ,81.82 , 51.78 ,      54.07 ,121;8;1;1    ,words ,   25 ,-1          ,           1 ,       31.98 ,          0 ,                14.31 ,false       ,false   ,english  ,none      ,normal     ,false    ,false     ,false     ,     ,1718091163000
6667fcb1338802e28defb917 ,     ,31.61 ,90.65 , 31.61 ,      24.61 ,125;0;0;0    ,words ,   25 ,-1          ,           0 ,       47.45 ,         10 ,                 0    ,false       ,false   ,english  ,none      ,normal     ,false    ,false     ,false     ,     ,1718090929000
6667fc80338802e28defb780 ,     ,63.99 ,94.03 , 63.99 ,      65.95 ,126;0;0;0    ,words ,   25 ,-1          ,           0 ,       23.63 ,          0 ,                 0    ,false       ,false   ,english  ,none      ,normal     ,false    ,false     ,false     ,     ,1718090880000
6667fc66338802e28defb67e ,     ,55.75 ,91.79 , 59.06 ,      55.77 ,118;2;0;0    ,words ,   25 ,-1          ,           0 ,       25.4  ,          0 ,                 0    ,false       ,false   ,english  ,none      ,normal     ,false    ,false     ,false     ,     ,1718090854000
66671523338802e28de7d5ef ,     ,62.07 ,89.23 , 62.07 ,      57.46 ,116;0;0;0    ,words ,   25 ,-1          ,           0 ,       22.43 ,          0 ,                 0    ,false       ,false   ,english  ,none      ,normal     ,false    ,false     ,false     ,     ,1718031651000
66670a98338802e28de751ee ,     ,39.36 ,90.14 , 39.36 ,      49.4  ,126;0;0;0    ,words ,   25 ,-1          ,           0 ,       38.41 ,          0 ,                 0    ,false       ,false   ,english  ,none      ,normal     ,false    ,false     ,false     ,     ,1718028952000
6666ab04338802e28de37689 ,     ,39.82 ,84.57 , 39.82 ,      57.86 ,132;0;0;0    ,words ,   25 ,-1          ,           0 ,       39.78 ,          0 ,                 0    ,false       ,false   ,english  ,none      ,normal     ,false    ,false     ,false     ,     ,1718004484000
6666aada338802e28de374ef ,     ,39.44 ,84.18 , 39.44 ,      55.17 ,127;0;0;0    ,words ,   25 ,-1          ,           0 ,       38.64 ,          0 ,                 0    ,false       ,false   ,english  ,none      ,normal     ,false    ,false     ,false     ,     ,1718004442000
6666a7e2338802e28de35986 ,     ,52.9  ,87.14 , 63.09 ,      52.07 ,109;4;1;1    ,words ,   25 ,-1          ,           0 ,       24.73 ,          0 ,                 0    ,false       ,false   ,english  ,none      ,normal     ,false    ,false     ,false     ,     ,1718003682000
6666a7c8338802e28de358a1 ,     ,69.52 ,92.48 , 76    ,      66.13 ,118;4;0;1    ,words ,   25 ,-1          ,           1 ,       20.37 ,          0 ,                 0.18 ,false       ,false   ,english  ,none      ,normal     ,false    ,false     ,false     ,     ,1718003656000
6666a48c338802e28de339d0 ,     ,45.64 ,85.16 , 55.84 ,      60.62 ,103;11;2;2   ,words ,   25 ,-1          ,           0 ,       27.08 ,          0 ,                 0    ,false       ,false   ,english  ,none      ,normal     ,false    ,false     ,false     ,     ,1718002827000
6666a46f338802e28de338d8 ,     ,62.12 ,92.8  , 62.12 ,      60.21 ,116;0;0;0    ,words ,   25 ,-1          ,           0 ,       22.41 ,          0 ,                 0    ,false       ,false   ,english  ,none      ,normal     ,false    ,false     ,false     ,     ,1718002799000
6666a458338802e28de337f1 ,     ,58.52 ,92.06 , 61.09 ,      57.35 ,114;2;0;1    ,words ,   25 ,-1          ,           0 ,       23.38 ,          0 ,                 0    ,false       ,false   ,english  ,none      ,normal     ,false    ,false     ,false     ,     ,1718002776000
6666a43f338802e28de33705 ,     ,53.49 ,95.89 , 55.81 ,      33.56 ,138;4;0;1    ,words ,   25 ,-1          ,           0 ,       30.96 ,          4 ,                 0    ,false       ,false   ,english  ,none      ,normal     ,false    ,false     ,false     ,     ,1718002751000
6666a40f338802e28de3354a ,     ,51.11 ,93.01 , 52.7  ,      55.42 ,129;0;0;1    ,words ,   25 ,-1          ,           0 ,       30.29 ,          0 ,                 0    ,false       ,false   ,english  ,none      ,normal     ,false    ,false     ,false     ,     ,1718002702000
6666a3ef338802e28de3341f ,     ,51.53 ,92.91 , 51.53 ,      46.58 ,131;0;0;0    ,words ,   25 ,-1          ,           0 ,       30.5  ,          1 ,                 0    ,false       ,false   ,english  ,none      ,normal     ,false    ,false     ,false     ,     ,1718002671000
6666a3cf338802e28de332fb ,     ,72.39 ,96.27 , 72.39 ,      73.85 ,129;0;0;0    ,words ,   25 ,-1          ,           0 ,       21.38 ,          0 ,                 0    ,false       ,false   ,english  ,none      ,normal     ,false    ,false     ,false     ,     ,1718002639000
6666a3b6338802e28de3320e ,     ,61.66 ,95.21 , 63.93 ,      57.25 ,136;1;0;0    ,words ,   25 ,-1          ,           0 ,       26.47 ,          0 ,                 0    ,false       ,false   ,english  ,none      ,normal     ,false    ,false     ,false     ,     ,1718002614000
6660142fca2df50192a340f1 ,     ,41.58 ,85.31 , 50.21 ,      46.24 ,106;3;1;1    ,words ,   25 ,-1          ,           2 ,       30.59 ,          2 ,                27.14 ,false       ,false   ,english  ,none      ,normal     ,false    ,false     ,false     ,     ,1717572655000
666013c6ca2df50192a33d20 ,     ,45.98 ,85.62 , 54.41 ,      49.94 ,109;2;1;2    ,words ,   25 ,-1          ,           2 ,       28.45 ,          0 ,                 4.59 ,false       ,false   ,english  ,none      ,normal     ,false    ,false     ,false     ,     ,1717572550000
666012eaca2df50192a33500 ,     ,62.26 ,84.25 , 81.06 ,      58.76 ,96;9;3;2     ,words ,   25 ,-1          ,           0 ,       18.5  ,          0 ,                 0    ,false       ,false   ,english  ,none      ,normal     ,false    ,false     ,false     ,     ,1717572330000
666012d6ca2df50192a33448 ,     ,12.6  ,81.17 , 20.53 ,       0    ,89;11;0;5    ,words ,   25 ,-1          ,           2 ,       84.73 ,         57 ,                 2.36 ,false       ,false   ,english  ,none      ,normal     ,false    ,false     ,false     ,     ,1717572310000
6660127aca2df50192a330bd ,     ,48.69 ,79.86 , 56.28 ,      59.34 ,109;7;1;4    ,words ,   25 ,-1          ,           4 ,       26.86 ,          0 ,                15.28 ,false       ,false   ,english  ,none      ,normal     ,false    ,false     ,false     ,     ,1717572218000
6660124bca2df50192a32f29 ,     ,57.66 ,86.36 , 66.64 ,      62.29 ,122;2;3;0    ,words ,   25 ,-1          ,           0 ,       25.39 ,          0 ,                 0    ,false       ,false   ,english  ,none      ,normal     ,false    ,false     ,false     ,     ,1717572171000
6660122fca2df50192a32e2c ,     ,52.03 ,88.59 , 53.64 ,      65.95 ,129;0;1;0    ,words ,   25 ,-1          ,           1 ,       29.75 ,          0 ,                 0.1  ,false       ,false   ,english  ,none      ,normal     ,false    ,false     ,false     ,     ,1717572143000
6660120fca2df50192a32cf5 ,     ,46.78 ,85.37 , 49.22 ,      46.95 ,134;2;0;0    ,words ,   25 ,-1          ,           1 ,       34.38 ,          1 ,                 1.86 ,false       ,false   ,english  ,none      ,normal     ,false    ,false     ,false     ,     ,1717572111000
666011e8ca2df50192a32b94 ,     ,61.71 ,94.48 , 69.73 ,      60.23 ,123;2;1;0    ,words ,   25 ,-1          ,           0 ,       23.92 ,          0 ,                 0    ,false       ,false   ,english  ,none      ,normal     ,false    ,false     ,false     ,     ,1717572072000
666011cfca2df50192a32a89 ,     ,66.79 ,86.39 , 77.36 ,      61.7  ,120;8;1;0    ,words ,   25 ,-1          ,           0 ,       21.56 ,          0 ,                 0    ,false       ,false   ,english  ,none      ,normal     ,false    ,false     ,false     ,     ,1717572047000
666011b8ca2df50192a329c4 ,     ,50.25 ,84.83 , 58.47 ,      54.68 ,110;4;1;2    ,words ,   25 ,-1          ,           0 ,       26.27 ,          0 ,                 0    ,false       ,false   ,english  ,none      ,normal     ,false    ,false     ,false     ,     ,1717572024000
6660119dca2df50192a328b1 ,     ,58.16 ,89.71 , 58.16 ,      63.59 ,121;0;0;0    ,words ,   25 ,-1          ,           0 ,       24.97 ,          0 ,                 0    ,false       ,false   ,english  ,none      ,normal     ,false    ,false     ,false     ,     ,1717571997000
66601182ca2df50192a327c0 ,     ,62.04 ,93.84 , 62.04 ,      59.06 ,136;0;0;0    ,words ,   25 ,-1          ,           2 ,       26.3  ,          0 ,                 3.42 ,false       ,false   ,english  ,none      ,normal     ,false    ,false     ,false     ,     ,1717571970000
66601161ca2df50192a3267d ,     ,60.02 ,86.15 , 65.63 ,      53.88 ,107;3;1;1    ,words ,   25 ,-1          ,           0 ,       21.39 ,          0 ,                 0    ,false       ,false   ,english  ,none      ,normal     ,false    ,false     ,false     ,     ,1717571937000
6660114aca2df50192a3258e ,     ,56.7  ,89.8  , 59.87 ,      58.4  ,125;1;0;1    ,words ,   25 ,-1          ,           2 ,       26.46 ,          0 ,                 3.21 ,false       ,false   ,english  ,none      ,normal     ,false    ,false     ,false     ,     ,1717571914000
66601126ca2df50192a3244b ,true ,78.13 ,96.8  , 80.73 ,      68.69 ,120;2;0;1    ,words ,   25 ,-1          ,           0 ,       18.43 ,          0 ,                 0    ,false       ,false   ,english  ,none      ,normal     ,false    ,false     ,false     ,     ,1717571878000
66601112ca2df50192a32378 ,     ,46.19 ,85.92 , 52.43 ,      53.14 ,111;3;1;2    ,words ,   25 ,-1          ,           0 ,       28.84 ,          0 ,                 0    ,false       ,false   ,english  ,none      ,normal     ,false    ,false     ,false     ,     ,1717571858000
666010f3ca2df50192a32260 ,     ,69.2  ,94.07 , 73.14 ,      67.3  ,123;2;0;0    ,words ,   25 ,-1          ,           0 ,       21.33 ,          0 ,                 0    ,false       ,false   ,english  ,none      ,normal     ,false    ,false     ,false     ,     ,1717571827000
666010ddca2df50192a32187 ,     ,64    ,89.78 , 64    ,      64.08 ,123;0;0;0    ,words ,   25 ,-1          ,           1 ,       23.06 ,          0 ,                 1.63 ,false       ,false   ,english  ,none      ,normal     ,false    ,false     ,false     ,     ,1717571805000
666010c1ca2df50192a3207b ,     ,65.1  ,88.57 , 72.15 ,      63.15 ,120;6;1;0    ,words ,   25 ,-1          ,           1 ,       22.12 ,          0 ,                 4.93 ,false       ,false   ,english  ,none      ,normal     ,false    ,false     ,false     ,     ,1717571777000
666010a4ca2df50192a31f72 ,     ,69.68 ,93.89 , 69.68 ,      56.64 ,123;0;0;0    ,words ,   25 ,-1          ,           0 ,       21.18 ,          0 ,                 0    ,false       ,false   ,english  ,none      ,normal     ,false    ,false     ,false     ,     ,1717571748000
6660108dca2df50192a31ea8 ,     ,51.29 ,93.66 , 51.29 ,      47.9  ,130;0;0;0    ,words ,   25 ,-1          ,           0 ,       30.42 ,          0 ,                 0    ,false       ,false   ,english  ,none      ,normal     ,false    ,false     ,false     ,     ,1717571725000
6660106eca2df50192a31d91 ,     ,49.76 ,91.34 , 51.07 ,      52.76 ,114;0;0;1    ,words ,   25 ,-1          ,           0 ,       27.49 ,          0 ,                 0    ,false       ,false   ,english  ,none      ,normal     ,false    ,false     ,false     ,     ,1717571694000
66601051ca2df50192a31c99 ,     ,41.22 ,85.62 , 41.22 ,      36.82 ,124;0;0;0    ,words ,   25 ,-1          ,           0 ,       36.1  ,          2 ,                 0    ,false       ,false   ,english  ,none      ,normal     ,false    ,false     ,false     ,     ,1717571665000
6660102aca2df50192a31b54 ,     ,48.82 ,93.43 , 49.59 ,      53.63 ,127;1;0;1    ,words ,   25 ,-1          ,           0 ,       31.22 ,          0 ,                 0    ,false       ,false   ,english  ,none      ,normal     ,false    ,false     ,false     ,     ,1717571626000
665f2fbbca2df501929b4c30 ,     ,61.23 ,88.74 , 68.58 ,      60.78 ,125;5;2;0    ,words ,   25 ,-1          ,           1 ,       24.5  ,          0 ,                 5.59 ,false       ,false   ,english  ,none      ,normal     ,false    ,false     ,false     ,     ,1717514171000
665f2f8aca2df501929b49d7 ,     ,57.28 ,89.58 , 57.28 ,      52.54 ,128;0;0;0    ,words ,   25 ,-1          ,           0 ,       26.82 ,          0 ,                 0    ,false       ,false   ,english  ,none      ,normal     ,false    ,false     ,false     ,     ,1717514122000
665f2f6fca2df501929b4871 ,     ,62.55 ,89.31 , 71.08 ,      61.63 ,110;3;2;1    ,words ,   25 ,-1          ,           1 ,       21.1  ,          0 ,                12.1  ,false       ,false   ,english  ,none      ,normal     ,false    ,false     ,false     ,     ,1717514095000
665f2f49ca2df501929b4693 ,     ,42.98 ,82.35 , 50.77 ,      54.43 ,116;7;3;1    ,words ,   25 ,-1          ,           0 ,       32.38 ,          0 ,                 0    ,false       ,false   ,english  ,none      ,normal     ,false    ,false     ,false     ,     ,1717514057000
665f2f28ca2df501929b4507 ,     ,62.54 ,87.94 , 72.42 ,      66.4  ,114;4;2;0    ,words ,   25 ,-1          ,           0 ,       21.87 ,          0 ,                 0    ,false       ,false   ,english  ,none      ,normal     ,false    ,false     ,false     ,     ,1717514024000
665f2f11ca2df501929b440a ,     ,47.62 ,82.88 , 57.95 ,      55.52 ,106;5;1;1    ,words ,   25 ,-1          ,           0 ,       26.71 ,          0 ,                 0    ,false       ,false   ,english  ,none      ,normal     ,false    ,false     ,false     ,     ,1717514001000
665f2ef4ca2df501929b42a7 ,     ,71.83 ,94.12 , 80.29 ,      73.33 ,119;4;0;0    ,words ,   25 ,-1          ,           0 ,       19.88 ,          0 ,                 0    ,false       ,false   ,english  ,none      ,normal     ,false    ,false     ,false     ,     ,1717513972000
665f2edeca2df501929b41a8 ,     ,51.35 ,86.81 , 56.17 ,      52.25 ,117;4;0;1    ,words ,   25 ,-1          ,           0 ,       27.34 ,          0 ,                 0    ,false       ,false   ,english  ,none      ,normal     ,false    ,false     ,false     ,     ,1717513950000
665f2ec2ca2df501929b403e ,     ,56.25 ,89.47 , 58.17 ,      61.53 ,117;2;0;0    ,words ,   25 ,-1          ,           0 ,       24.96 ,          0 ,                 0    ,false       ,false   ,english  ,none      ,normal     ,false    ,false     ,false     ,     ,1717513922000
665f2ea7ca2df501929b3eff ,     ,61.19 ,86.86 , 74.92 ,      64.5  ,107;5;2;1    ,words ,   25 ,-1          ,           0 ,       20.98 ,          0 ,                 0    ,false       ,false   ,english  ,none      ,normal     ,false    ,false     ,false     ,     ,1717513895000
665f2e91ca2df501929b3dee ,     ,67.85 ,91.61 , 69.94 ,      71.55 ,130;2;0;1    ,words ,   25 ,-1          ,           0 ,       22.99 ,          0 ,                 0    ,false       ,false   ,english  ,none      ,normal     ,false    ,false     ,false     ,     ,1717513873000
665f2e79ca2df501929b3cb2 ,     ,63.28 ,93.8  , 65.43 ,      62.56 ,118;0;0;1    ,words ,   25 ,-1          ,           0 ,       22.38 ,          0 ,                 0    ,false       ,false   ,english  ,none      ,normal     ,false    ,false     ,false     ,     ,1717513849000
665f2e61ca2df501929b3b99 ,     ,46.93 ,85.14 , 50.94 ,      52.78 ,117;1;1;0    ,words ,   25 ,-1          ,           0 ,       29.92 ,          0 ,                 0    ,false       ,false   ,english  ,none      ,normal     ,false    ,false     ,false     ,     ,1717513825000
665f2e42ca2df501929b39f9 ,     ,56.23 ,91.45 , 56.23 ,      55.93 ,138;0;0;0    ,words ,   25 ,-1          ,           0 ,       29.45 ,          0 ,                 0    ,false       ,false   ,english  ,none      ,normal     ,false    ,false     ,false     ,     ,1717513794000
665f2e23ca2df501929b3892 ,     ,66.85 ,95    , 68.94 ,      67.62 ,128;0;0;1    ,words ,   25 ,-1          ,           0 ,       22.98 ,          0 ,                 0    ,false       ,false   ,english  ,none      ,normal     ,false    ,false     ,false     ,     ,1717513763000
665f2e0aca2df501929b3765 ,     ,56.45 ,95.74 , 59.51 ,      57.09 ,129;0;1;0    ,words ,   25 ,-1          ,           0 ,       27.42 ,          1 ,                 0    ,false       ,false   ,english  ,none      ,normal     ,false    ,false     ,false     ,     ,1717513738000
665f2dedca2df501929b362b ,     ,47.13 ,89.58 , 47.13 ,      51.66 ,125;0;0;0    ,words ,   25 ,-1          ,           0 ,       31.82 ,          0 ,                 0    ,false       ,false   ,english  ,none      ,normal     ,false    ,false     ,false     ,     ,1717513709000
665f2dccca2df501929b3487 ,     ,53.62 ,93.85 , 53.62 ,      59.32 ,120;0;0;0    ,words ,   25 ,-1          ,           0 ,       26.86 ,          0 ,                 0    ,false       ,false   ,english  ,none      ,normal     ,false    ,false     ,false     ,     ,1717513676000
665f2da6ca2df501929b32d4 ,     ,45.71 ,85.63 , 48.3  ,      53.17 ,141;2;0;0    ,words ,   25 ,-1          ,           0 ,       37.02 ,          0 ,                 0    ,false       ,false   ,english  ,none      ,normal     ,false    ,false     ,false     ,     ,1717513638000
665f2d7fca2df501929b30fc ,     ,54.98 ,90.58 , 56.76 ,      54.05 ,123;1;0;0    ,words ,   25 ,-1          ,           0 ,       26.85 ,          0 ,                 0    ,false       ,false   ,english  ,none      ,normal     ,false    ,false     ,false     ,     ,1717513599000
665f2d61ca2df501929b2f8f ,     ,67.27 ,93.43 , 69.41 ,      63.14 ,126;1;0;0    ,words ,   25 ,-1          ,           0 ,       22.48 ,          0 ,                 0    ,false       ,false   ,english  ,none      ,normal     ,false    ,false     ,false     ,     ,1717513569000
665e9e93ca2df5019295887a ,     ,60.85 ,97.1  , 60.85 ,      53.24 ,132;0;0;0    ,words ,   25 ,-1          ,           0 ,       26.03 ,          0 ,                 0    ,false       ,false   ,english  ,none      ,normal     ,false    ,false     ,false     ,     ,1717477011000
665e9e73ca2df50192958771 ,     ,48.45 ,81.13 , 55.32 ,      55.58 ,120;5;1;0    ,words ,   25 ,-1          ,           0 ,       29.72 ,          0 ,                 0    ,false       ,false   ,english  ,none      ,normal     ,false    ,false     ,false     ,     ,1717476979000
665e9e53ca2df5019295866e ,     ,51.69 ,83.46 , 62.44 ,      63.93 ,101;5;2;2    ,words ,   25 ,-1          ,           0 ,       23.45 ,          0 ,                 0    ,false       ,false   ,english  ,none      ,normal     ,false    ,false     ,false     ,     ,1717476947000
665e9e3aca2df501929585a4 ,     ,43.61 ,84.09 , 47.69 ,      37.93 ,107;4;1;1    ,words ,   25 ,-1          ,           0 ,       29.44 ,          6 ,                 0    ,false       ,false   ,english  ,none      ,normal     ,false    ,false     ,false     ,     ,1717476922000
665e9e1bca2df501929584ae ,     ,50.43 ,86.96 , 56.34 ,      51.32 ,128;2;1;0    ,words ,   25 ,-1          ,           0 ,       30.46 ,          0 ,                 0    ,false       ,false   ,english  ,none      ,normal     ,false    ,false     ,false     ,     ,1717476891000
665e9dfaca2df5019295838f ,     ,44.86 ,85.14 , 51    ,      54.27 ,117;4;0;2    ,words ,   25 ,-1          ,           0 ,       31.3  ,          0 ,                 0    ,false       ,false   ,english  ,none      ,normal     ,false    ,false     ,false     ,     ,1717476858000
665e9ddaca2df5019295827e ,     ,52.65 ,90.57 , 52.65 ,      51.18 ,138;0;0;0    ,words ,   25 ,-1          ,           0 ,       31.46 ,          0 ,                 0    ,false       ,false   ,english  ,none      ,normal     ,false    ,false     ,false     ,     ,1717476826000
665e9dbaca2df50192958191 ,     ,49.73 ,84.42 , 54.18 ,      68.65 ,123;2;0;2    ,words ,   25 ,-1          ,           1 ,       29.68 ,          0 ,                 0.98 ,false       ,false   ,english  ,none      ,normal     ,false    ,false     ,false     ,     ,1717476794000
665e9d98ca2df5019295807a ,     ,51.49 ,85.52 , 57.59 ,      59.62 ,118;4;2;0    ,words ,   25 ,-1          ,           0 ,       27.5  ,          0 ,                 0    ,false       ,false   ,english  ,none      ,normal     ,false    ,false     ,false     ,     ,1717476760000
665e9d7cca2df50192957fa1 ,true ,72.9  ,94.78 , 78.28 ,      59.14 ,122;1;1;1    ,words ,   25 ,-1          ,           0 ,       20.08 ,          0 ,                 0    ,false       ,false   ,english  ,none      ,normal     ,false    ,false     ,false     ,     ,1717476732000
665d77cd3f4cde2f9d18d2e2 ,     ,45.21 ,82.01 , 59.81 ,      62.27 ,96;9;0;1     ,words ,   25 ,-1          ,           0 ,       25.48 ,          0 ,                 0    ,false       ,false   ,english  ,none      ,normal     ,false    ,false     ,false     ,     ,1717401549000
665d77b23f4cde2f9d18d1ff ,     ,29.66 ,75.51 , 46.21 ,      38.87 ,86;15;3;4    ,words ,   25 ,-1          ,           0 ,       34.8  ,          2 ,                 0    ,false       ,false   ,english  ,none      ,normal     ,false    ,false     ,false     ,     ,1717401522000
665d778e3f4cde2f9d18d0a5 ,     ,51.96 ,85.43 , 56.25 ,      52.79 ,121;1;0;1    ,words ,   25 ,-1          ,           0 ,       27.95 ,          0 ,                 0    ,false       ,false   ,english  ,none      ,normal     ,false    ,false     ,false     ,     ,1717401486000
665d77713f4cde2f9d18cf91 ,     ,61.14 ,91.73 , 63.73 ,      58.69 ,118;0;1;0    ,words ,   25 ,-1          ,           0 ,       23.16 ,          0 ,                 0    ,false       ,false   ,english  ,none      ,normal     ,false    ,false     ,false     ,     ,1717401457000
665d77583f4cde2f9d18ce81 ,     ,53.66 ,89.86 , 53.66 ,      59.6  ,133;0;0;0    ,words ,   25 ,-1          ,           0 ,       29.74 ,          0 ,                 0    ,false       ,false   ,english  ,none      ,normal     ,false    ,false     ,false     ,     ,1717401432000
665d77393f4cde2f9d18cd52 ,     ,52.76 ,88.89 , 54.44 ,      55.96 ,125;1;0;1    ,words ,   25 ,-1          ,           0 ,       28.43 ,          0 ,                 0    ,false       ,false   ,english  ,none      ,normal     ,false    ,false     ,false     ,     ,1717401401000
665d771b3f4cde2f9d18cc4d ,     ,64.37 ,93.43 , 64.37 ,      59.1  ,126;0;0;0    ,words ,   25 ,-1          ,           0 ,       23.49 ,          0 ,                 0    ,false       ,false   ,english  ,none      ,normal     ,false    ,false     ,false     ,     ,1717401371000
665d77023f4cde2f9d18cb78 ,     ,58.1  ,90.98 , 58.1  ,      66.92 ,121;0;0;0    ,words ,   25 ,-1          ,           0 ,       24.99 ,          0 ,                 0    ,false       ,false   ,english  ,none      ,normal     ,false    ,false     ,false     ,     ,1717401346000
665d76e53f4cde2f9d18ca72 ,     ,55.73 ,90.48 , 55.73 ,      55.28 ,133;0;0;0    ,words ,   25 ,-1          ,           0 ,       28.64 ,          0 ,                 0    ,false       ,false   ,english  ,none      ,normal     ,false    ,false     ,false     ,     ,1717401317000
665bf4ba3f4cde2f9d0cdc1f ,     ,68.28 ,93.75 , 75.33 ,      66.3  ,126;2;0;0    ,words ,   25 ,-1          ,           0 ,       22.14 ,          0 ,                 0    ,false       ,false   ,english  ,none      ,normal     ,false    ,false     ,false     ,     ,1717302457000
665bf4a33f4cde2f9d0cdb62 ,     ,60.82 ,93.33 , 60.82 ,      62.76 ,125;0;0;0    ,words ,   25 ,-1          ,           0 ,       24.66 ,          0 ,                 0    ,false       ,false   ,english  ,none      ,normal     ,false    ,false     ,false     ,     ,1717302435000
665bf4883f4cde2f9d0cda93 ,     ,56.87 ,90.48 , 58.38 ,      70.78 ,113;0;1;0    ,words ,   25 ,-1          ,           0 ,       23.84 ,          0 ,                 0    ,false       ,false   ,english  ,none      ,normal     ,false    ,false     ,false     ,     ,1717302408000
665bf46f3f4cde2f9d0cd9e8 ,     ,52.36 ,88.81 , 62.55 ,      58.05 ,113;3;1;0    ,words ,   25 ,-1          ,           0 ,       25.9  ,          0 ,                 0    ,false       ,false   ,english  ,none      ,normal     ,false    ,false     ,false     ,     ,1717302383000
665bf4543f4cde2f9d0cd929 ,     ,51.28 ,82.81 , 81.13 ,      73.26 ,79;12;0;5    ,words ,   25 ,-1          ,           4 ,       18.49 ,          0 ,                24.41 ,false       ,false   ,english  ,none      ,normal     ,false    ,false     ,false     ,     ,1717302356000
665bf3cd3f4cde2f9d0cd579 ,true ,72.82 ,91.27 , 83.51 ,      78.91 ,109;5;2;0    ,words ,   25 ,-1          ,           0 ,       17.96 ,          0 ,                 0    ,false       ,false   ,english  ,none      ,normal     ,false    ,false     ,false     ,     ,1717302221000
665bf3ba3f4cde2f9d0cd4e6 ,     ,49.51 ,83.23 , 52.22 ,      46.54 ,128;2;0;0    ,words ,   25 ,-1          ,           0 ,       31.02 ,          0 ,                 0    ,false       ,false   ,english  ,none      ,normal     ,false    ,false     ,false     ,     ,1717302202000
665bf3993f4cde2f9d0cd405 ,     ,56.04 ,88.51 , 58.67 ,      58.07 ,128;2;0;0    ,words ,   25 ,-1          ,           0 ,       27.41 ,          0 ,                 0    ,false       ,false   ,english  ,none      ,normal     ,false    ,false     ,false     ,     ,1717302169000
665bf37d3f4cde2f9d0cd342 ,     ,69.22 ,97.16 , 69.22 ,      65.34 ,136;0;0;0    ,words ,   25 ,-1          ,           0 ,       23.58 ,          0 ,                 0    ,false       ,false   ,english  ,none      ,normal     ,false    ,false     ,false     ,     ,1717302141000
665bf3643f4cde2f9d0cd29e ,     ,54.88 ,82.07 , 62.52 ,      65.14 ,115;9;3;0    ,words ,   25 ,-1          ,           0 ,       25.14 ,          0 ,                 0    ,false       ,false   ,english  ,none      ,normal     ,false    ,false     ,false     ,     ,1717302116000
665bf3493f4cde2f9d0cd1e1 ,     ,65.66 ,87.6  , 78.28 ,      61.89 ,104;6;1;2    ,words ,   25 ,-1          ,           0 ,       19.01 ,          0 ,                 0    ,false       ,false   ,english  ,none      ,normal     ,false    ,false     ,false     ,     ,1717302089000
665bf2153f4cde2f9d0cca29 ,     ,55.83 ,89.06 , 61    ,      61.49 ,108;3;0;0    ,words ,   25 ,-1          ,           0 ,       23.21 ,          0 ,                 0    ,false       ,false   ,english  ,none      ,normal     ,false    ,false     ,false     ,     ,1717301781000
665ac0a63f4cde2f9d0437cb ,     ,55.99 ,83.85 , 57.69 ,      60.84 ,132;1;0;0    ,words ,   25 ,-1          ,           0 ,       28.29 ,          0 ,                 0    ,false       ,false   ,english  ,none      ,normal     ,false    ,false     ,false     ,     ,1717223590000
665ac0733f4cde2f9d04365b ,     ,46.07 ,82.47 , 53.74 ,      59.24 ,114;4;0;0    ,words ,   25 ,-1          ,           2 ,       29.7  ,          0 ,                12.44 ,false       ,false   ,english  ,none      ,normal     ,false    ,false     ,false     ,     ,1717223539000
665ac0363f4cde2f9d04348d ,     ,63.87 ,91.18 , 66.53 ,      55.84 ,120;1;0;0    ,words ,   25 ,-1          ,           0 ,       22.54 ,          0 ,                 0    ,false       ,false   ,english  ,none      ,normal     ,false    ,false     ,false     ,     ,1717223478000
665ac00d3f4cde2f9d04333c ,     ,69.26 ,95.68 , 71.94 ,      63.67 ,129;1;0;0    ,words ,   25 ,-1          ,           0 ,       22.35 ,          0 ,                 0    ,false       ,false   ,english  ,none      ,normal     ,false    ,false     ,false     ,     ,1717223437000
665abff33f4cde2f9d043283 ,     ,58.95 ,93.66 , 58.95 ,      57.98 ,132;0;0;0    ,words ,   25 ,-1          ,           0 ,       26.87 ,          0 ,                 0    ,false       ,false   ,english  ,none      ,normal     ,false    ,false     ,false     ,     ,1717223411000
665ab7383f4cde2f9d03f417 ,     ,51.77 ,90.51 , 51.77 ,      57.01 ,122;0;0;0    ,words ,   25 ,-1          ,           0 ,       28.28 ,          0 ,                 0    ,false       ,false   ,english  ,none      ,normal     ,false    ,false     ,false     ,     ,1717221176000
665475d274e2231221feabb1 ,     ,49.88 ,89.51 , 51.49 ,      53.87 ,124;0;0;1    ,words ,   25 ,-1          ,           0 ,       29.83 ,          0 ,                 0    ,false       ,false   ,english  ,none      ,normal     ,false    ,false     ,false     ,     ,1716811218000
665475a074e2231221fea9c9 ,     ,43.9  ,81.56 , 55.41 ,      50.1  ,103;9;3;1    ,words ,   25 ,-1          ,           0 ,       28.15 ,          0 ,                 0    ,false       ,false   ,english  ,none      ,normal     ,false    ,false     ,false     ,     ,1716811168000
6654758374e2231221fea8a5 ,     ,55.72 ,86.52 , 65.67 ,      56.93 ,112;6;2;0    ,words ,   25 ,-1          ,           0 ,       24.12 ,          0 ,                 0    ,false       ,false   ,english  ,none      ,normal     ,false    ,false     ,false     ,     ,1716811139000
6654754474e2231221fea648 ,     ,40.7  ,93.06 , 40.7  ,      46.99 ,130;0;0;0    ,words ,   25 ,-1          ,           0 ,       38.33 ,          2 ,                 0    ,false       ,false   ,english  ,none      ,normal     ,false    ,false     ,false     ,     ,1716811076000
6654750c74e2231221fea458 ,     ,46.73 ,88.57 , 55.99 ,      53.38 ,111;3;1;3    ,words ,   25 ,-1          ,           0 ,       28.5  ,          2 ,                 0    ,false       ,false   ,english  ,none      ,normal     ,false    ,false     ,false     ,     ,1716811020000
665474ee74e2231221fea334 ,     ,52.91 ,90    , 56.46 ,      51.04 ,119;1;0;0    ,words ,   25 ,-1          ,           0 ,       26.99 ,          0 ,                 0    ,false       ,false   ,english  ,none      ,normal     ,false    ,false     ,false     ,     ,1716810990000
665474d174e2231221fea246 ,     ,57.5  ,95.56 , 58.4  ,      61.78 ,128;0;0;1    ,words ,   25 ,-1          ,           0 ,       26.71 ,          0 ,                 0    ,false       ,false   ,english  ,none      ,normal     ,false    ,false     ,false     ,     ,1716810961000
665474b474e2231221fea138 ,     ,53.68 ,91.67 , 58.52 ,      51.14 ,122;0;0;2    ,words ,   25 ,-1          ,           0 ,       27.27 ,          0 ,                 0    ,false       ,false   ,english  ,none      ,normal     ,false    ,false     ,false     ,     ,1716810932000
6654749674e2231221fea022 ,     ,53    ,89.47 , 54.37 ,      47.18 ,116;0;0;1    ,words ,   25 ,-1          ,           0 ,       26.26 ,          0 ,                 0    ,false       ,false   ,english  ,none      ,normal     ,false    ,false     ,false     ,     ,1716810902000
6654746c74e2231221fe9e8f ,     ,49.39 ,87.94 , 54.07 ,      53.69 ,116;1;1;1    ,words ,   25 ,-1          ,           0 ,       28.18 ,          0 ,                 0    ,false       ,false   ,english  ,none      ,normal     ,false    ,false     ,false     ,     ,1716810860000
6654744d74e2231221fe9d6f ,     ,58.83 ,95.71 , 60.17 ,      67.01 ,132;0;0;1    ,words ,   25 ,-1          ,           0 ,       26.92 ,          0 ,                 0    ,false       ,false   ,english  ,none      ,normal     ,false    ,false     ,false     ,     ,1716810829000
6654742174e2231221fe9bd2 ,     ,57.5  ,92.7  , 59.83 ,      57.34 ,123;1;0;0    ,words ,   25 ,-1          ,           0 ,       25.67 ,          0 ,                 0    ,false       ,false   ,english  ,none      ,normal     ,false    ,false     ,false     ,     ,1716810785000
6654740674e2231221fe9aea ,     ,58.23 ,92.52 , 58.23 ,      61.71 ,133;0;0;0    ,words ,   25 ,-1          ,           0 ,       27.41 ,          0 ,                 0    ,false       ,false   ,english  ,none      ,normal     ,false    ,false     ,false     ,     ,1716810758000
6652fa7b6d1b0584d21d0f31 ,     ,65.02 ,95.07 , 65.02 ,      55.12 ,135;0;0;0    ,words ,   25 ,-1          ,           0 ,       24.92 ,          0 ,                 0    ,false       ,false   ,english  ,none      ,normal     ,false    ,false     ,false     ,     ,1716714107000
6652f7426d1b0584d21cf7a5 ,     ,59.26 ,91.43 , 59.26 ,      58.18 ,128;0;0;0    ,words ,   25 ,-1          ,           0 ,       25.92 ,          0 ,                 0    ,false       ,false   ,english  ,none      ,normal     ,false    ,false     ,false     ,     ,1716713282000
6652f7276d1b0584d21cf6d4 ,     ,59.04 ,94.93 , 61.83 ,      67.62 ,127;0;1;0    ,words ,   25 ,-1          ,           0 ,       25.81 ,          0 ,                 0    ,false       ,false   ,english  ,none      ,normal     ,false    ,false     ,false     ,     ,1716713255000
6652f70b6d1b0584d21cf61f ,     ,42.98 ,85.43 , 45.11 ,      47.19 ,121;0;1;0    ,words ,   25 ,-1          ,           0 ,       33.78 ,          0 ,                 0    ,false       ,false   ,english  ,none      ,normal     ,false    ,false     ,false     ,     ,1716713227000
6652f6e06d1b0584d21cf4d2 ,     ,62.05 ,94.56 , 62.05 ,      57.82 ,139;0;0;0    ,words ,   25 ,-1          ,           0 ,       26.88 ,          0 ,                 0    ,false       ,false   ,english  ,none      ,normal     ,false    ,false     ,false     ,     ,1716713184000
6652f6c36d1b0584d21cf40b ,     ,49.91 ,90.51 , 49.91 ,      47.19 ,123;0;0;0    ,words ,   25 ,-1          ,           0 ,       29.58 ,          1 ,                 0    ,false       ,false   ,english  ,none      ,normal     ,false    ,false     ,false     ,     ,1716713155000
6652f6086d1b0584d21ceece ,     ,61.76 ,94.48 , 64.57 ,      63.01 ,132;0;0;1    ,words ,   25 ,-1          ,           0 ,       25.65 ,          0 ,                 0    ,false       ,false   ,english  ,none      ,normal     ,false    ,false     ,false     ,     ,1716712968000
6652f5ed6d1b0584d21cee10 ,     ,66.39 ,96.72 , 66.39 ,      65.74 ,118;0;0;0    ,words ,   25 ,-1          ,           0 ,       21.33 ,          0 ,                 0    ,false       ,false   ,english  ,none      ,normal     ,false    ,false     ,false     ,     ,1716712941000
6652f5d66d1b0584d21ced7c ,     ,50.3  ,89.02 , 52.38 ,      45.82 ,145;3;1;0    ,words ,   25 ,-1          ,           0 ,       34.6  ,          1 ,                 0    ,false       ,false   ,english  ,none      ,normal     ,false    ,false     ,false     ,     ,1716712918000
664d7333bea7806f66e90712 ,     ,59.69 ,90.48 , 59.69 ,      54.97 ,130;0;0;0    ,words ,   25 ,-1          ,           0 ,       26.14 ,          0 ,                 0    ,false       ,false   ,english  ,none      ,normal     ,false    ,false     ,false     ,     ,1716351795000
664c4f5abea7806f66de19e8 ,     ,43.55 ,90.07 , 44.89 ,      42.63 ,130;1;0;1    ,words ,   25 ,-1          ,           0 ,       35.82 ,          0 ,                 0    ,false       ,false   ,english  ,none      ,normal     ,false    ,false     ,false     ,     ,1716277082000
664c4f35bea7806f66de18bc ,     ,22.2  ,87.34 , 23.55 ,       3.7  ,131;2;0;0    ,words ,   25 ,-1          ,           0 ,       70.82 ,         29 ,                 0    ,false       ,false   ,english  ,none      ,normal     ,false    ,false     ,false     ,     ,1716277045000
664c4e98bea7806f66de1376 ,     ,39.29 ,88.41 , 41.58 ,      37.74 ,120;2;1;1    ,words ,   25 ,-1          ,           0 ,       36.65 ,          2 ,                 0    ,false       ,false   ,english  ,none      ,normal     ,false    ,false     ,false     ,     ,1716276888000
664c4e71bea7806f66de123b ,     ,50.14 ,95.83 , 52.36 ,      52.6  ,135;1;1;0    ,words ,   25 ,-1          ,           0 ,       32.31 ,          1 ,                 0    ,false       ,false   ,english  ,none      ,normal     ,false    ,false     ,false     ,     ,1716276849000
664c4e4ebea7806f66de1120 ,     ,46.34 ,90.44 , 48.29 ,      58.64 ,119;1;0;0    ,words ,   25 ,-1          ,           0 ,       30.82 ,          0 ,                 0    ,false       ,false   ,english  ,none      ,normal     ,false    ,false     ,false     ,     ,1716276814000
664c4e24bea7806f66de0faf ,     ,50.38 ,93.94 , 50.38 ,      54.62 ,124;0;0;0    ,words ,   25 ,-1          ,           0 ,       29.54 ,          0 ,                 0    ,false       ,false   ,english  ,none      ,normal     ,false    ,false     ,false     ,     ,1716276772000
664c4dffbea7806f66de0e6d ,     ,57.93 ,94.33 , 57.93 ,      59.62 ,133;0;0;0    ,words ,   25 ,-1          ,           1 ,       27.55 ,          0 ,                 9.29 ,false       ,false   ,english  ,none      ,normal     ,false    ,false     ,false     ,     ,1716276735000
664c4d62bea7806f66de095d ,     ,44.88 ,88.24 , 50.04 ,      38.96 ,113;4;2;0    ,words ,   25 ,-1          ,           0 ,       30.22 ,          1 ,                 0    ,false       ,false   ,english  ,none      ,normal     ,false    ,false     ,false     ,     ,1716276578000
664c4d37bea7806f66de07e9 ,     ,45.15 ,88.81 , 48.26 ,      49.61 ,116;3;0;1    ,words ,   25 ,-1          ,           0 ,       30.83 ,          2 ,                 0    ,false       ,false   ,english  ,none      ,normal     ,false    ,false     ,false     ,     ,1716276535000
664c4d14bea7806f66de06ac ,     ,58.47 ,95.28 , 58.47 ,      54.85 ,119;0;0;0    ,words ,   25 ,-1          ,           0 ,       24.42 ,          0 ,                 0    ,false       ,false   ,english  ,none      ,normal     ,false    ,false     ,false     ,     ,1716276500000
664c4cfbbea7806f66de05d2 ,     ,52.93 ,88.73 , 57.78 ,      58.23 ,120;3;1;0    ,words ,   25 ,-1          ,           0 ,       27.21 ,          0 ,                27.99 ,false       ,false   ,english  ,none      ,normal     ,false    ,false     ,false     ,     ,1716276475000
664c4c79bea7806f66de0171 ,     ,51.58 ,90.21 , 54.08 ,      50.61 ,124;0;1;0    ,words ,   25 ,-1          ,           0 ,       28.85 ,          0 ,                 0    ,false       ,false   ,english  ,none      ,normal     ,false    ,false     ,false     ,     ,1716276345000
664c4c5bbea7806f66de004e ,     ,28.17 ,87.41 , 30.31 ,      15.12 ,118;3;1;0    ,words ,   25 ,-1          ,           0 ,       50.27 ,         17 ,                 0    ,false       ,false   ,english  ,none      ,normal     ,false    ,false     ,false     ,     ,1716276315000
664c4c26bea7806f66ddfe9a ,     ,41.6  ,89.76 , 47.25 ,      51.68 ,103;1;1;1    ,words ,   25 ,-1          ,           0 ,       29.71 ,          0 ,                 0    ,false       ,false   ,english  ,none      ,normal     ,false    ,false     ,false     ,     ,1716276262000
664c4bfcbea7806f66ddfd3e ,     ,50.12 ,90.2  , 50.12 ,      43.65 ,138;0;0;0    ,words ,   25 ,-1          ,           0 ,       33.04 ,          0 ,                 0    ,false       ,false   ,english  ,none      ,normal     ,false    ,false     ,false     ,     ,1716276220000
664c4bd5bea7806f66ddfc2d ,     ,46.03 ,83.06 , 53.01 ,      51.63 ,99;6;2;0     ,words ,   25 ,-1          ,           0 ,       25.81 ,          1 ,                 0    ,false       ,false   ,english  ,none      ,normal     ,false    ,false     ,false     ,     ,1716276181000
664c4b76bea7806f66ddf8fb ,     ,51.48 ,93.8  , 55.06 ,      50.63 ,115;1;0;2    ,words ,   25 ,-1          ,           0 ,       26.81 ,          1 ,                 0    ,false       ,false   ,english  ,none      ,normal     ,false    ,false     ,false     ,     ,1716276086000
664c4b40bea7806f66ddf740 ,     ,36.03 ,88.28 , 37.48 ,      25.34 ,124;2;0;0    ,words ,   25 ,-1          ,           0 ,       41.3  ,          7 ,                 0    ,false       ,false   ,english  ,none      ,normal     ,false    ,false     ,false     ,     ,1716276032000
664c4b01bea7806f66ddf52c ,     ,58.86 ,95.68 , 66.58 ,      68.4  ,122;2;0;2    ,words ,   25 ,-1          ,           0 ,       24.87 ,          0 ,                 0    ,false       ,false   ,english  ,none      ,normal     ,false    ,false     ,false     ,     ,1716275969000
664c4ac3bea7806f66ddf327 ,     ,48.41 ,95.31 , 48.41 ,      56.65 ,122;0;0;0    ,words ,   25 ,-1          ,           0 ,       30.24 ,          0 ,                 0    ,false       ,false   ,english  ,none      ,normal     ,false    ,false     ,false     ,     ,1716275907000
664c4aa0bea7806f66ddf208 ,     ,59.55 ,94.07 , 59.55 ,      60.29 ,127;0;0;0    ,words ,   25 ,-1          ,           0 ,       25.59 ,          0 ,                 0    ,false       ,false   ,english  ,none      ,normal     ,false    ,false     ,false     ,     ,1716275872000
664c4a84bea7806f66ddf120 ,     ,60.5  ,92.37 , 66.24 ,      58.39 ,116;3;1;1    ,words ,   25 ,-1          ,           0 ,       23.01 ,          1 ,                 0    ,false       ,false   ,english  ,none      ,normal     ,false    ,false     ,false     ,     ,1716275844000
664c4a44bea7806f66ddef03 ,     ,48.61 ,90.85 , 50.79 ,      54.56 ,134;2;0;0    ,words ,   25 ,-1          ,           0 ,       33.08 ,          1 ,                 0    ,false       ,false   ,english  ,none      ,normal     ,false    ,false     ,false     ,     ,1716275780000
664c4a22bea7806f66ddedf9 ,     ,23.16 ,87.5  , 23.16 ,       2.29 ,133;0;0;0    ,words ,   25 ,-1          ,           0 ,       68.92 ,         32 ,                 0    ,false       ,false   ,english  ,none      ,normal     ,false    ,false     ,false     ,     ,1716275746000
664c49d7bea7806f66ddeb6f ,     ,61.69 ,96.6  , 61.69 ,      69.37 ,142;0;0;0    ,words ,   25 ,-1          ,           0 ,       27.62 ,          0 ,                 0    ,false       ,false   ,english  ,none      ,normal     ,false    ,false     ,false     ,     ,1716275671000
6639de1b866cd8bb79514022 ,     ,56.9  ,91.37 , 56.9  ,      52.63 ,127;0;0;0    ,words ,   25 ,-1          ,           3 ,       26.78 ,          0 ,                19.95 ,false       ,false   ,english  ,none      ,normal     ,false    ,false     ,false     ,     ,1715068443000
6639dd5c866cd8bb7951392e ,     ,43.79 ,84.17 , 47.66 ,      53.47 ,113;4;0;0    ,words ,   25 ,-1          ,           1 ,       30.97 ,          0 ,                 0.99 ,false       ,false   ,english  ,none      ,normal     ,false    ,false     ,false     ,     ,1715068252000
6639dd1b866cd8bb79513698 ,     ,48.83 ,83.01 , 56.04 ,      55.83 ,115;4;1;2    ,words ,   25 ,-1          ,           1 ,       28.26 ,          0 ,                 1.8  ,false       ,false   ,english  ,none      ,normal     ,false    ,false     ,false     ,     ,1715068187000
6639dbad866cd8bb79512873 ,     ,63.95 ,93.62 , 63.95 ,      67.85 ,132;0;0;0    ,words ,   25 ,-1          ,           3 ,       24.77 ,          0 ,                12.26 ,false       ,false   ,english  ,none      ,normal     ,false    ,false     ,false     ,     ,1715067821000
6639db82866cd8bb795126b7 ,     ,56.01 ,81.82 , 76.38 ,      63.56 ,99;9;3;0     ,words ,   25 ,-1          ,           1 ,       21.21 ,          0 ,                 7.32 ,false       ,false   ,english  ,none      ,normal     ,false    ,false     ,false     ,     ,1715067778000
6639db62866cd8bb79512553 ,     ,50.12 ,85.81 , 50.12 ,      51.3  ,128;0;0;0    ,words ,   25 ,-1          ,           3 ,       30.65 ,          0 ,                15.87 ,false       ,false   ,english  ,none      ,normal     ,false    ,false     ,false     ,     ,1715067746000
6639db2e866cd8bb7951235c ,     ,67.14 ,89.63 , 74.79 ,      65.2  ,114;3;1;0    ,words ,   25 ,-1          ,           0 ,       20.38 ,          0 ,                 0    ,false       ,false   ,english  ,none      ,normal     ,false    ,false     ,false     ,     ,1715067694000
6639db18866cd8bb79512263 ,     ,68.57 ,94.85 , 68.57 ,      61.1  ,128;0;0;0    ,words ,   25 ,-1          ,           0 ,       22.4  ,          0 ,                 0    ,false       ,false   ,english  ,none      ,normal     ,false    ,false     ,false     ,     ,1715067672000
6639db01866cd8bb7951217a ,     ,67.97 ,91.61 , 71.13 ,      65.44 ,129;3;1;0    ,words ,   25 ,-1          ,           1 ,       22.78 ,          0 ,                 4.3  ,false       ,false   ,english  ,none      ,normal     ,false    ,false     ,false     ,     ,1715067649000
6639dad4866cd8bb79511fcc ,     ,63.8  ,93.79 , 65.97 ,      65.17 ,147;1;0;0    ,words ,   25 ,-1          ,           0 ,       27.65 ,          0 ,                 0    ,false       ,false   ,english  ,none      ,normal     ,false    ,false     ,false     ,     ,1715067604000
6639dab7866cd8bb79511ea7 ,     ,58.86 ,87.5  , 70.98 ,      67.42 ,102;6;2;1    ,words ,   25 ,-1          ,           1 ,       20.79 ,          0 ,                 1.77 ,false       ,false   ,english  ,none      ,normal     ,false    ,false     ,false     ,     ,1715067575000
6639da9e866cd8bb79511db7 ,     ,60.32 ,90.71 , 60.32 ,      58.8  ,127;0;0;0    ,words ,   25 ,-1          ,           0 ,       25.26 ,          0 ,                 0    ,false       ,false   ,english  ,none      ,normal     ,false    ,false     ,false     ,     ,1715067550000
6639da84866cd8bb79511cb8 ,     ,44.45 ,89.36 , 47.18 ,      43.53 ,114;0;1;0    ,words ,   25 ,-1          ,           0 ,       30.78 ,          1 ,                 0    ,false       ,false   ,english  ,none      ,normal     ,false    ,false     ,false     ,     ,1715067524000
6639da64866cd8bb79511b5e ,     ,53.55 ,87.8  , 64.48 ,      64.94 ,98;7;0;1     ,words ,   25 ,-1          ,           1 ,       21.96 ,          0 ,                 1.45 ,false       ,false   ,english  ,none      ,normal     ,false    ,false     ,false     ,     ,1715067492000
6639da4a866cd8bb79511a63 ,     ,53.52 ,85.81 , 59.27 ,      55.43 ,121;4;1;1    ,words ,   25 ,-1          ,           0 ,       27.13 ,          0 ,                 0    ,false       ,false   ,english  ,none      ,normal     ,false    ,false     ,false     ,     ,1715067466000
6639da2e866cd8bb79511953 ,     ,55.57 ,90.13 , 55.57 ,      57.92 ,137;0;0;0    ,words ,   25 ,-1          ,           0 ,       29.58 ,          0 ,                 0    ,false       ,false   ,english  ,none      ,normal     ,false    ,false     ,false     ,     ,1715067438000
6639da0f866cd8bb79511830 ,     ,54.54 ,88.61 , 54.54 ,      52.7  ,137;0;0;0    ,words ,   25 ,-1          ,           0 ,       30.14 ,          0 ,                 0    ,false       ,false   ,english  ,none      ,normal     ,false    ,false     ,false     ,     ,1715067407000
6639d9ef866cd8bb79511700 ,     ,57.09 ,88.28 , 57.09 ,      47.45 ,124;0;0;0    ,words ,   25 ,-1          ,           0 ,       26.06 ,          0 ,                 0    ,false       ,false   ,english  ,none      ,normal     ,false    ,false     ,false     ,     ,1715067375000
6639d9d4866cd8bb795115f3 ,     ,72.23 ,98.62 , 72.23 ,      67.64 ,143;0;0;0    ,words ,   25 ,-1          ,           0 ,       23.76 ,          0 ,                 0    ,false       ,false   ,english  ,none      ,normal     ,false    ,false     ,false     ,     ,1715067348000
6639d9bb866cd8bb79511515 ,true ,72.46 ,96.03 , 72.46 ,      70.74 ,120;0;0;0    ,words ,   25 ,-1          ,           0 ,       19.87 ,          0 ,                 0    ,false       ,false   ,english  ,none      ,normal     ,false    ,false     ,false     ,     ,1715067323000
6639d9a5866cd8bb79511441 ,     ,50.74 ,86    , 50.74 ,      44.16 ,128;0;0;0    ,words ,   25 ,-1          ,           0 ,       30.27 ,          0 ,                 0    ,false       ,false   ,english  ,none      ,normal     ,false    ,false     ,false     ,     ,1715067301000
6636ff2de7e7f153d0727d5a ,     ,53.16 ,88.41 , 53.16 ,      57.73 ,122;0;0;0    ,words ,   25 ,-1          ,           0 ,       27.54 ,          0 ,                 0    ,false       ,false   ,english  ,none      ,normal     ,false    ,false     ,false     ,     ,1714880301000
6636ff10e7e7f153d0727c95 ,     ,54.75 ,90.91 , 54.75 ,      48.26 ,140;0;0;0    ,words ,   25 ,-1          ,           0 ,       30.69 ,          1 ,                 0    ,false       ,false   ,english  ,none      ,normal     ,false    ,false     ,false     ,     ,1714880272000
6636fef0e7e7f153d0727b98 ,     ,62.31 ,93.53 , 62.31 ,      62.99 ,130;0;0;0    ,words ,   25 ,-1          ,           0 ,       25.04 ,          0 ,                 0    ,false       ,false   ,english  ,none      ,normal     ,false    ,false     ,false     ,     ,1714880240000
66161175edab6d8ac55b4581 ,     ,54.72 ,90.36 , 56.63 ,      58.45 ,143;0;1;0    ,words ,   25 ,-1          ,           0 ,       31.36 ,          0 ,                 0    ,false       ,false   ,english  ,none      ,normal     ,false    ,false     ,false     ,     ,1712722293000
66161154edab6d8ac55b448c ,     ,50.61 ,90.34 , 50.61 ,      59.94 ,130;0;0;0    ,words ,   25 ,-1          ,           0 ,       30.82 ,          0 ,                 0    ,false       ,false   ,english  ,none      ,normal     ,false    ,false     ,false     ,     ,1712722260000
66161132edab6d8ac55b4391 ,     ,51.89 ,89.61 , 51.89 ,      54.05 ,136;0;0;0    ,words ,   25 ,-1          ,           0 ,       31.45 ,          0 ,                 0    ,false       ,false   ,english  ,none      ,normal     ,false    ,false     ,false     ,     ,1712722226000
66160ed2edab6d8ac55b322d ,     ,52.9  ,92.26 , 52.9  ,      59.94 ,143;0;0;0    ,words ,   25 ,-1          ,           0 ,       32.44 ,          0 ,                 0    ,false       ,false   ,english  ,none      ,normal     ,false    ,false     ,false     ,     ,1712721618000
66160eb0edab6d8ac55b311b ,     ,49.17 ,89.78 , 49.17 ,      54.16 ,122;0;0;0    ,words ,   25 ,-1          ,           0 ,       29.78 ,          0 ,                 0    ,false       ,false   ,english  ,none      ,normal     ,false    ,false     ,false     ,     ,1712721584000
66160e90edab6d8ac55b3015 ,     ,53.74 ,94.59 , 53.74 ,      61.13 ,139;0;0;0    ,words ,   25 ,-1          ,           0 ,       31.04 ,          0 ,                 0    ,false       ,false   ,english  ,none      ,normal     ,false    ,false     ,false     ,     ,1712721552000
66160e69edab6d8ac55b2ed2 ,     ,62.93 ,97.64 , 62.93 ,      67.06 ,123;0;0;0    ,words ,   25 ,-1          ,           0 ,       23.45 ,          0 ,                 0    ,false       ,false   ,english  ,none      ,normal     ,false    ,false     ,false     ,     ,1712721513000
66160d88edab6d8ac55b27aa ,     ,51.54 ,93.84 , 53.09 ,      62.21 ,133;0;0;1    ,words ,   25 ,-1          ,           0 ,       30.97 ,          0 ,                 0    ,false       ,false   ,english  ,none      ,normal     ,false    ,false     ,false     ,     ,1712721288000
66160d68edab6d8ac55b26cc ,     ,53.48 ,89.8  , 53.48 ,      57.71 ,132;0;0;0    ,words ,   25 ,-1          ,           0 ,       29.62 ,          0 ,                 0    ,false       ,false   ,english  ,none      ,normal     ,false    ,false     ,false     ,     ,1712721256000
66160d49edab6d8ac55b25d6 ,     ,59.06 ,91.39 , 59.06 ,      49.83 ,138;0;0;0    ,words ,   25 ,-1          ,           0 ,       28.04 ,          0 ,                 0    ,false       ,false   ,english  ,none      ,normal     ,false    ,false     ,false     ,     ,1712721225000
66160d2bedab6d8ac55b24e3 ,     ,49.71 ,91.95 , 49.71 ,      53.76 ,136;0;0;0    ,words ,   25 ,-1          ,           0 ,       32.83 ,          0 ,                 0    ,false       ,false   ,english  ,none      ,normal     ,false    ,false     ,false     ,     ,1712721195000
66160d0bedab6d8ac55b23e1 ,     ,53.12 ,90.91 , 54.83 ,      49.61 ,124;0;0;1    ,words ,   25 ,-1          ,           0 ,       28.01 ,          0 ,                 0    ,false       ,false   ,english  ,none      ,normal     ,false    ,false     ,false     ,     ,1712721163000
6612ccac2d7b733f8830bd82 ,     ,45.6  ,88.31 , 47.69 ,      53.58 ,131;0;1;0    ,words ,   25 ,-1          ,           0 ,       34.47 ,          0 ,                 0    ,false       ,false   ,english  ,none      ,normal     ,false    ,false     ,false     ,     ,1712508076000
6612cc822d7b733f8830bc26 ,     ,58.2  ,92.09 , 58.2  ,      66.62 ,124;0;0;0    ,words ,   25 ,-1          ,           1 ,       25.57 ,          0 ,                12.05 ,false       ,false   ,english  ,none      ,normal     ,false    ,false     ,false     ,     ,1712508034000
6612cc372d7b733f8830b9c3 ,     ,42.91 ,85.99 , 49.24 ,      54.72 ,122;3;3;0    ,words ,   25 ,-1          ,           0 ,       34.12 ,          0 ,                 0    ,false       ,false   ,english  ,none      ,normal     ,false    ,false     ,false     ,     ,1712507959000
6612cc122d7b733f8830b898 ,     ,54.85 ,90.85 , 61.36 ,      54.61 ,118;2;0;2    ,words ,   25 ,-1          ,           0 ,       25.82 ,          1 ,                 0    ,false       ,false   ,english  ,none      ,normal     ,false    ,false     ,false     ,     ,1712507922000
6612cbe82d7b733f8830b724 ,     ,49.87 ,88.49 , 54.64 ,      58.9  ,115;2;1;0    ,words ,   25 ,-1          ,           3 ,       27.67 ,          0 ,                36.1  ,false       ,false   ,english  ,none      ,normal     ,false    ,false     ,false     ,     ,1712507880000
6612cb852d7b733f8830b3b0 ,     ,58.45 ,92.95 , 58.45 ,      57.78 ,143;0;0;0    ,words ,   25 ,-1          ,           0 ,       29.36 ,          0 ,                 0    ,false       ,false   ,english  ,none      ,normal     ,false    ,false     ,false     ,     ,1712507781000
6612cb662d7b733f8830b28f ,     ,42.28 ,86.21 , 48.27 ,      50.32 ,113;1;0;3    ,words ,   25 ,-1          ,           0 ,       32.07 ,          2 ,                 0    ,false       ,false   ,english  ,none      ,normal     ,false    ,false     ,false     ,     ,1712507750000
6612cb442d7b733f8830b14c ,     ,47.63 ,86.71 , 47.63 ,      49.58 ,122;0;0;0    ,words ,   25 ,-1          ,           0 ,       30.74 ,          0 ,                 0    ,false       ,false   ,english  ,none      ,normal     ,false    ,false     ,false     ,     ,1712507716000
6612cb252d7b733f8830b01a ,     ,55.96 ,90.21 , 55.96 ,      55.19 ,129;0;0;0    ,words ,   25 ,-1          ,           0 ,       27.66 ,          0 ,                 0    ,false       ,false   ,english  ,none      ,normal     ,false    ,false     ,false     ,     ,1712507685000
6612cb082d7b733f8830aefc ,     ,48    ,88.32 , 53.57 ,      55.05 ,112;4;0;2    ,words ,   25 ,-1          ,           0 ,       28    ,          1 ,                 0    ,false       ,false   ,english  ,none      ,normal     ,false    ,false     ,false     ,     ,1712507656000
6612cada2d7b733f8830ad3b ,     ,62.42 ,89.51 , 65.41 ,      60    ,125;2;0;0    ,words ,   25 ,-1          ,           1 ,       24.03 ,          0 ,                 5.43 ,false       ,false   ,english  ,none      ,normal     ,false    ,false     ,false     ,     ,1712507610000
6612caba2d7b733f8830abef ,     ,44.18 ,86.21 , 46.02 ,      43.4  ,120;0;0;1    ,words ,   25 ,-1          ,           0 ,       32.59 ,          0 ,                 0    ,false       ,false   ,english  ,none      ,normal     ,false    ,false     ,false     ,     ,1712507578000
6612ca982d7b733f8830aa7e ,     ,43.33 ,86.23 , 43.33 ,      55.27 ,142;0;0;0    ,words ,   25 ,-1          ,           0 ,       39.33 ,          0 ,                 0    ,false       ,false   ,english  ,none      ,normal     ,false    ,false     ,false     ,     ,1712507544000
6612ca6f2d7b733f8830a8dc ,     ,51.51 ,95.16 , 51.51 ,      58.03 ,117;0;0;0    ,words ,   25 ,-1          ,           0 ,       27.26 ,          1 ,                 0    ,false       ,false   ,english  ,none      ,normal     ,false    ,false     ,false     ,     ,1712507503000
6612ca442d7b733f8830a739 ,     ,54.84 ,93.57 , 54.84 ,      63.09 ,131;0;0;0    ,words ,   25 ,-1          ,           1 ,       28.66 ,          0 ,                10.38 ,false       ,false   ,english  ,none      ,normal     ,false    ,false     ,false     ,     ,1712507460000
6612c9bd2d7b733f8830a272 ,     ,48.92 ,88.65 , 48.92 ,      55.43 ,124;0;0;0    ,words ,   25 ,-1          ,           0 ,       30.42 ,          0 ,                 0    ,false       ,false   ,english  ,none      ,normal     ,false    ,false     ,false     ,     ,1712507325000
6612c99a2d7b733f8830a120 ,     ,55.2  ,90.78 , 55.2  ,      55.49 ,125;0;0;0    ,words ,   25 ,-1          ,           0 ,       27.18 ,          0 ,                 0    ,false       ,false   ,english  ,none      ,normal     ,false    ,false     ,false     ,     ,1712507290000
6612c97d2d7b733f8830a032 ,     ,54.83 ,91.73 , 56.2  ,      58.71 ,120;0;1;0    ,words ,   25 ,-1          ,           0 ,       26.26 ,          1 ,                 0    ,false       ,false   ,english  ,none      ,normal     ,false    ,false     ,false     ,     ,1712507261000
6612c9612d7b733f88309f52 ,     ,45.24 ,88.36 , 49.73 ,      42.97 ,121;4;0;1    ,words ,   25 ,-1          ,           1 ,       32.1  ,          2 ,                 1.53 ,false       ,false   ,english  ,none      ,normal     ,false    ,false     ,false     ,     ,1712507233000
6612c93e2d7b733f88309e23 ,     ,53.54 ,90.37 , 56.74 ,      58.57 ,117;2;0;0    ,words ,   25 ,-1          ,           0 ,       26.22 ,          0 ,                 0    ,false       ,false   ,english  ,none      ,normal     ,false    ,false     ,false     ,     ,1712507198000
6612c9222d7b733f88309d30 ,     ,47.39 ,84.66 , 51.4  ,      55.32 ,130;5;0;1    ,words ,   25 ,-1          ,           1 ,       32.92 ,          0 ,                 6.84 ,false       ,false   ,english  ,none      ,normal     ,false    ,false     ,false     ,     ,1712507170000
6612c8ec2d7b733f88309b6d ,     ,52.4  ,93.01 , 52.4  ,      56.61 ,131;0;0;0    ,words ,   25 ,-1          ,           1 ,       30    ,          1 ,                 1.8  ,false       ,false   ,english  ,none      ,normal     ,false    ,false     ,false     ,     ,1712507116000
6612c8c92d7b733f88309a64 ,     ,46.17 ,87.25 , 50.75 ,      54.31 ,121;2;1;0    ,words ,   25 ,-1          ,           1 ,       31.45 ,          1 ,                 0.86 ,false       ,false   ,english  ,none      ,normal     ,false    ,false     ,false     ,     ,1712507081000
6612c8a82d7b733f88309948 ,     ,49.27 ,87.77 , 51.41 ,      53.77 ,115;0;0;1    ,words ,   25 ,-1          ,           0 ,       28.01 ,          0 ,                 0    ,false       ,false   ,english  ,none      ,normal     ,false    ,false     ,false     ,     ,1712507048000
6612c8642d7b733f88309711 ,     ,43.96 ,87.76 , 45.39 ,      50.61 ,123;0;0;1    ,words ,   25 ,-1          ,           1 ,       33.58 ,          0 ,                 2.6  ,false       ,false   ,english  ,none      ,normal     ,false    ,false     ,false     ,     ,1712506980000
6612c83e2d7b733f883095ac ,true ,63.62 ,95.42 , 70.31 ,      70.3  ,114;0;0;2    ,words ,   25 ,-1          ,           0 ,       21.5  ,          0 ,                 0    ,false       ,false   ,english  ,none      ,normal     ,false    ,false     ,false     ,     ,1712506942000
6612c8142d7b733f88309449 ,     ,47.66 ,89.66 , 49.95 ,      54.9  ,125;2;0;0    ,words ,   25 ,-1          ,           0 ,       31.47 ,          0 ,                 0    ,false       ,false   ,english  ,none      ,normal     ,false    ,false     ,false     ,     ,1712506900000
6612c7ec2d7b733f883092f3 ,     ,49.25 ,92.76 , 49.25 ,      42.56 ,140;0;0;0    ,words ,   25 ,-1          ,           0 ,       34.11 ,          2 ,                 0    ,false       ,false   ,english  ,none      ,normal     ,false    ,false     ,false     ,     ,1712506860000
6612c7c92d7b733f883091ba ,     ,46.89 ,83.02 , 46.89 ,      61.61 ,131;0;0;0    ,words ,   25 ,-1          ,           0 ,       33.53 ,          0 ,                 0    ,false       ,false   ,english  ,none      ,normal     ,false    ,false     ,false     ,     ,1712506825000
6612c7a62d7b733f8830907b ,     ,52.85 ,88.67 , 57.05 ,      58.32 ,126;1;1;0    ,words ,   25 ,-1          ,           2 ,       28.61 ,          0 ,                17.86 ,false       ,false   ,english  ,none      ,normal     ,false    ,false     ,false     ,     ,1712506790000
6612c7712d7b733f88308ec2 ,     ,47.88 ,89.43 , 52.99 ,      60.18 ,103;1;1;0    ,words ,   25 ,-1          ,           0 ,       25.82 ,          0 ,                 0    ,false       ,false   ,english  ,none      ,normal     ,false    ,false     ,false     ,     ,1712506737000
6612c74e2d7b733f88308d89 ,     ,47.54 ,89.04 , 47.54 ,      55.29 ,129;0;0;0    ,words ,   25 ,-1          ,           1 ,       32.56 ,          0 ,                 0.34 ,false       ,false   ,english  ,none      ,normal     ,false    ,false     ,false     ,     ,1712506702000
6612c7292d7b733f88308c2e ,     ,48.16 ,87.68 , 56.55 ,      49.55 ,109;4;0;5    ,words ,   25 ,-1          ,           3 ,       27.16 ,          0 ,                 1.41 ,false       ,false   ,english  ,none      ,normal     ,false    ,false     ,false     ,     ,1712506665000
6612c2172d7b733f88305e07 ,true ,56.77 ,89.26 , 59.39 ,      49.87 ,130;1;1;0    ,words ,   25 ,-1          ,           1 ,       27.48 ,          2 ,                 2.32 ,false       ,false   ,english  ,none      ,normal     ,false    ,false     ,false     ,     ,1712505367000
6612c1f12d7b733f88305ca4 ,     ,53.59 ,86.25 , 57.59 ,      59.71 ,67;2;0;1     ,time  ,   15 ,-1          ,           1 ,       15    ,          0 ,                 7.48 ,false       ,false   ,english  ,none      ,normal     ,false    ,false     ,false     ,     ,1712505329000
661032422d7b733f881cd8d7 ,     ,23.2  ,93.55 , 23.2  ,      45.82 ,29;0;0;0     ,time  ,   15 ,-1          ,           0 ,       15    ,          1 ,                 0    ,false       ,false   ,english  ,none      ,normal     ,false    ,false     ,false     ,     ,1712337474000
661032312d7b733f881cd7f3 ,     ,44.8  ,80.52 , 51.19 ,      54.58 ,56;1;0;1     ,time  ,   15 ,-1          ,           9 ,       15    ,          0 ,                41.11 ,false       ,false   ,english  ,none      ,normal     ,false    ,false     ,false     ,     ,1712337457000
6610307f2d7b733f881cc070 ,     ,61.6  ,88.35 , 78.4  ,      64.79 ,77;4;1;0     ,time  ,   15 ,-1          ,           1 ,       15    ,          0 ,                 1.85 ,false       ,false   ,english  ,none      ,normal     ,false    ,false     ,false     ,     ,1712337023000
6610306c2d7b733f881cbf7b ,     ,57.59 ,81.82 , 75.18 ,      58.33 ,72;8;1;1     ,time  ,   15 ,-1          ,           3 ,       15    ,          0 ,                 6.24 ,false       ,false   ,english  ,none      ,normal     ,false    ,false     ,false     ,     ,1712337004000
6610304b2d7b733f881cbdad ,true ,74.39 ,93.94 , 74.39 ,      76.66 ,93;0;0;0     ,time  ,   15 ,-1          ,           2 ,       15    ,          0 ,                 1.94 ,false       ,false   ,english  ,none      ,normal     ,false    ,false     ,false     ,     ,1712336971000
661030362d7b733f881cbc92 ,true ,61.58 ,87.78 , 61.58 ,      54.11 ,77;0;0;0     ,time  ,   15 ,-1          ,           3 ,       15    ,          0 ,                33.09 ,false       ,false   ,english  ,none      ,normal     ,false    ,false     ,false     ,     ,1712336950000
66102f7b2d7b733f881cb23e ,     ,58.3  ,91.38 , 59.5  ,      58.23 ,583;6;0;1    ,time  ,  120 ,-1          ,           2 ,      120    ,          0 ,                 1.88 ,false       ,false   ,english  ,none      ,normal     ,false    ,false     ,false     ,     ,1712336762000
66102ef32d7b733f881caad5 ,true ,61.3  ,91.75 , 64.4  ,      63.45 ,613;4;1;8    ,time  ,  120 ,-1          ,           0 ,      120    ,          0 ,                 0    ,false       ,false   ,english  ,none      ,normal     ,false    ,false     ,false     ,     ,1712336626000
660ec95b3a4c3e110b77030a ,true ,58.6  ,91.85 , 59.4  ,      57.36 ,586;1;1;0    ,time  ,  120 ,-1          ,           3 ,      120    ,          1 ,                 1.84 ,false       ,false   ,english  ,none      ,normal     ,false    ,false     ,false     ,     ,1712245083000
660ec88d3a4c3e110b76f70d ,     ,53.6  ,85    , 65.6  ,      60.35 ,134;8;2;0    ,time  ,   30 ,-1          ,           2 ,       30    ,          0 ,                 1.22 ,false       ,false   ,english  ,none      ,normal     ,false    ,false     ,false     ,     ,1712244877000
660ec8673a4c3e110b76f4e9 ,     ,63.2  ,91.43 , 63.2  ,      55.33 ,158;0;0;0    ,time  ,   30 ,-1          ,           0 ,       30    ,          0 ,                 0    ,false       ,false   ,english  ,none      ,normal     ,false    ,false     ,false     ,     ,1712244839000
660ec8483a4c3e110b76f2ea ,     ,51.58 ,89.94 , 65.18 ,      52.77 ,129;5;0;5    ,time  ,   30 ,-1          ,           0 ,       30.01 ,          0 ,                 0    ,false       ,false   ,english  ,none      ,normal     ,false    ,false     ,false     ,     ,1712244808000
660ec8283a4c3e110b76f0ff ,     ,59.6  ,90.42 , 61.6  ,      51.51 ,149;3;0;0    ,time  ,   30 ,-1          ,           2 ,       30    ,          2 ,                23.52 ,false       ,false   ,english  ,none      ,normal     ,false    ,false     ,false     ,     ,1712244776000
660ec7e73a4c3e110b76ed55 ,     ,40.38 ,89.6  , 45.97 ,      46.83 ,101;4;0;0    ,time  ,   30 ,-1          ,           0 ,       30.02 ,          1 ,                 0    ,true        ,false   ,english  ,none      ,normal     ,false    ,false     ,false     ,     ,1712244711000
660ec7c63a4c3e110b76eb8c ,     ,36.4  ,83.76 , 41.6  ,      50.4  ,91;4;1;1     ,time  ,   30 ,-1          ,           0 ,       30    ,          0 ,                 0    ,true        ,false   ,english  ,none      ,normal     ,false    ,false     ,false     ,     ,1712244678000
660ec7a63a4c3e110b76e9b8 ,     ,43.99 ,86.23 , 48.79 ,      54.25 ,110;2;1;0    ,time  ,   30 ,-1          ,           0 ,       30.01 ,          0 ,                 0    ,true        ,false   ,english  ,none      ,normal     ,false    ,false     ,false     ,     ,1712244646000
660ec7863a4c3e110b76e7fc ,true ,46.8  ,90.51 , 50.8  ,      52.54 ,117;1;0;1    ,time  ,   30 ,-1          ,           1 ,       30    ,          0 ,                23.76 ,true        ,false   ,english  ,none      ,normal     ,false    ,false     ,false     ,     ,1712244614000
660ec74e3a4c3e110b76e4cb ,     ,32.38 ,84.31 , 33.18 ,      42.16 ,81;1;0;0     ,time  ,   30 ,-1          ,           0 ,       30.02 ,          0 ,                 0    ,true        ,false   ,english  ,none      ,normal     ,false    ,false     ,false     ,     ,1712244558000
660ec72d3a4c3e110b76e2a8 ,     ,39.59 ,89.47 , 39.59 ,      35.65 ,99;0;0;0     ,time  ,   30 ,-1          ,           0 ,       30.01 ,          1 ,                 0    ,true        ,false   ,english  ,none      ,normal     ,false    ,false     ,false     ,     ,1712244525000
660ebdda3a4c3e110b76595c ,     ,29.19 ,86.02 , 31.59 ,      27.68 ,73;1;0;0     ,time  ,   30 ,-1          ,           0 ,       30.01 ,          1 ,                 0    ,true        ,false   ,english  ,none      ,normal     ,false    ,false     ,false     ,     ,1712242138000
660ebdb93a4c3e110b76577c ,true ,45.18 ,85.92 , 51.18 ,      51.32 ,113;4;1;1    ,time  ,   30 ,-1          ,           0 ,       30.01 ,          0 ,                 0    ,true        ,false   ,english  ,none      ,normal     ,false    ,false     ,false     ,     ,1712242105000
660ebb273a4c3e110b7633e9 ,     ,31.19 ,79.8  , 32.39 ,      38.75 ,78;1;0;0     ,time  ,   30 ,-1          ,           0 ,       30.01 ,          0 ,                 0    ,true        ,false   ,english  ,none      ,normal     ,false    ,false     ,false     ,     ,1712241447000
660e035b3a4c3e110b6faa96 ,true ,39.18 ,86.55 , 39.18 ,      57.61 ,98;0;0;0     ,time  ,   30 ,-1          ,           2 ,       30.02 ,          0 ,                 2.28 ,true        ,false   ,english  ,none      ,normal     ,false    ,false     ,false     ,     ,1712194395000
660e03323a4c3e110b6fa965 ,true ,38.8  ,88.98 , 41.6  ,      53.68 ,97;0;0;1     ,time  ,   30 ,-1          ,           0 ,       30    ,          0 ,                 0    ,true        ,false   ,english  ,none      ,normal     ,false    ,false     ,false     ,     ,1712194354000
660e03123a4c3e110b6fa861 ,     ,32.39 ,87.76 , 35.19 ,      20.07 ,81;1;0;0     ,time  ,   30 ,-1          ,           1 ,       30.01 ,          3 ,                 1.6  ,true        ,false   ,english  ,none      ,normal     ,false    ,false     ,false     ,     ,1712194322000
660e02aa3a4c3e110b6fa56d ,     ,35.58 ,90.09 , 40.38 ,      31.79 ,89;3;0;0     ,time  ,   30 ,-1          ,           0 ,       30.02 ,          3 ,                 0    ,true        ,false   ,english  ,none      ,normal     ,false    ,false     ,false     ,     ,1712194218000
660d1b5f3a4c3e110b65d54e ,true ,35.6  ,84.91 , 35.6  ,      32.42 ,89;0;0;0     ,time  ,   30 ,-1          ,           0 ,       30    ,          3 ,                 0    ,true        ,false   ,english  ,none      ,normal     ,false    ,false     ,false     ,     ,1712135007000
660d15213a4c3e110b659d28 ,     ,65.6  ,94.02 , 70.4  ,      64.36 ,164;0;1;2    ,time  ,   30 ,-1          ,           0 ,       30    ,          0 ,                 0    ,false       ,false   ,english  ,none      ,normal     ,false    ,false     ,false     ,     ,1712133409000
660d12033a4c3e110b658372 ,     ,52    ,87.58 , 59.6  ,      58.23 ,130;6;0;1    ,time  ,   30 ,-1          ,           0 ,       30    ,          0 ,                 0    ,false       ,false   ,english  ,none      ,normal     ,false    ,false     ,false     ,     ,1712132611000
660d11e33a4c3e110b65827b ,     ,54.4  ,84.39 , 61.59 ,      52.34 ,136;8;1;1    ,time  ,   30 ,-1          ,           0 ,       30    ,          0 ,                 0    ,false       ,false   ,english  ,none      ,normal     ,false    ,false     ,false     ,     ,1712132579000
660986a3a83430aa1ab33079 ,     ,67.97 ,92.97 , 71.17 ,      64.96 ,170;6;0;1    ,time  ,   30 ,-1          ,           0 ,       30.01 ,          0 ,                 0    ,false       ,false   ,english  ,none      ,normal     ,false    ,false     ,false     ,     ,1711900323000
66097097a83430aa1ab268e7 ,     ,53.6  ,88.44 , 64.4  ,      60.3  ,134;3;1;3    ,time  ,   30 ,-1          ,           0 ,       30    ,          0 ,                 0    ,false       ,false   ,english  ,none      ,normal     ,false    ,false     ,false     ,     ,1711894679000
66097078a83430aa1ab267e4 ,     ,50.8  ,85.81 , 54.4  ,      60.02 ,127;0;2;0    ,time  ,   30 ,-1          ,           0 ,       30    ,          0 ,                 0    ,false       ,false   ,english  ,none      ,normal     ,false    ,false     ,false     ,     ,1711894648000
66097056a83430aa1ab2669b ,     ,49.18 ,93.38 , 51.98 ,      51.84 ,123;2;1;0    ,time  ,   30 ,-1          ,           0 ,       30.01 ,          1 ,                 0    ,false       ,false   ,english  ,none      ,normal     ,false    ,false     ,false     ,     ,1711894614000
66097035a83430aa1ab26583 ,     ,36.8  ,84.68 , 45.2  ,      44.1  ,92;5;0;2     ,time  ,   30 ,-1          ,           1 ,       30    ,          1 ,                 6.96 ,false       ,false   ,english  ,none      ,normal     ,false    ,false     ,false     ,     ,1711894581000
66096f3ea83430aa1ab25d0a ,     ,64.79 ,91.05 , 70.79 ,      60.22 ,162;5;0;2    ,time  ,   30 ,-1          ,           0 ,       30.01 ,          0 ,                 0    ,false       ,false   ,english  ,none      ,normal     ,false    ,false     ,false     ,     ,1711894334000
66096d8aa83430aa1ab24dfb ,     ,61.2  ,93.14 , 65.2  ,      58.72 ,153;3;0;1    ,time  ,   30 ,-1          ,           0 ,       30    ,          1 ,                 0    ,false       ,false   ,english  ,none      ,normal     ,false    ,false     ,false     ,     ,1711893898000
66096d56a83430aa1ab24c55 ,     ,47.2  ,87.07 , 52.8  ,      57.11 ,118;4;1;1    ,time  ,   30 ,-1          ,           0 ,       30    ,          0 ,                 0    ,false       ,false   ,english  ,none      ,normal     ,false    ,false     ,false     ,     ,1711893846000
66096d36a83430aa1ab24b51 ,     ,53.6  ,91.45 , 55.99 ,      61.57 ,134;0;1;0    ,time  ,   30 ,-1          ,           0 ,       30    ,          0 ,                 0    ,false       ,false   ,english  ,none      ,normal     ,false    ,false     ,false     ,     ,1711893814000
66096d17a83430aa1ab24a48 ,     ,44.78 ,86.76 , 46.38 ,      44.21 ,112;0;0;1    ,time  ,   30 ,-1          ,           0 ,       30.01 ,          0 ,                 0    ,false       ,false   ,english  ,none      ,normal     ,false    ,false     ,false     ,     ,1711893783000
66096cf7a83430aa1ab24927 ,     ,59.99 ,92.17 , 59.99 ,      56.09 ,150;0;0;0    ,time  ,   30 ,-1          ,           0 ,       30.01 ,          1 ,                 0    ,false       ,false   ,english  ,none      ,normal     ,false    ,false     ,false     ,     ,1711893751000
66096ccaa83430aa1ab247ad ,     ,63.16 ,92.49 , 64.76 ,      69.41 ,158;2;0;0    ,time  ,   30 ,-1          ,           0 ,       30.02 ,          0 ,                 0    ,false       ,false   ,english  ,none      ,normal     ,false    ,false     ,false     ,     ,1711893706000
66096821a83430aa1ab21ed1 ,     ,39.98 ,91.38 , 42.38 ,      28.8  ,100;0;0;1    ,time  ,   30 ,-1          ,           0 ,       30.02 ,          6 ,                 0    ,false       ,false   ,english  ,none      ,normal     ,false    ,false     ,false     ,     ,1711892513000
6608f061150849667705ae6e ,     ,48.4  ,86.34 , 60    ,      56.35 ,121;7;0;2    ,time  ,   30 ,-1          ,           0 ,       30    ,          2 ,                 0    ,false       ,false   ,english  ,none      ,normal     ,false    ,false     ,false     ,     ,1711861857000
6608f03a150849667705ad87 ,     ,50.4  ,84.8  , 65.19 ,      70.25 ,126;11;1;2   ,time  ,   30 ,-1          ,           0 ,       30    ,          0 ,                 0    ,false       ,false   ,english  ,none      ,normal     ,false    ,false     ,false     ,     ,1711861818000
6608f017150849667705acae ,     ,54.4  ,89.47 , 65.59 ,      58.23 ,136;5;3;1    ,time  ,   30 ,-1          ,           0 ,       30    ,          0 ,                 0    ,false       ,false   ,english  ,none      ,normal     ,false    ,false     ,false     ,     ,1711861783000
6604f2d41508496677e49102 ,     ,67.6  ,90.24 , 79.59 ,      73    ,169;8;0;1    ,time  ,   30 ,-1          ,           0 ,       30    ,          0 ,                 0    ,false       ,false   ,english  ,none      ,normal     ,false    ,false     ,false     ,     ,1711600340000
660412d31508496677db541e ,     ,52.8  ,82.56 , 72.4  ,      61.15 ,132;11;3;3   ,time  ,   30 ,-1          ,           4 ,       30    ,          0 ,                 7.06 ,false       ,false   ,english  ,none      ,normal     ,false    ,false     ,false     ,     ,1711542995000
6604129f1508496677db51c6 ,     ,29.6  ,93.26 , 35.59 ,      69.25 ,74;3;1;0     ,time  ,   30 ,-1          ,           0 ,       30    ,          0 ,                 0    ,false       ,false   ,english  ,none      ,normal     ,false    ,false     ,false     ,     ,1711542943000
6604127a1508496677db5027 ,     ,51.98 ,84.43 , 60.37 ,      53.98 ,130;7;1;4    ,time  ,   30 ,-1          ,           3 ,       30.01 ,          0 ,                 2.55 ,false       ,false   ,english  ,none      ,normal     ,false    ,false     ,false     ,     ,1711542906000
66040cf01508496677db130e ,     ,59.16 ,91.99 , 61.7  ,      53.97 ,256;0;1;1    ,words ,   50 ,-1          ,           0 ,       51.93 ,          0 ,                 0    ,false       ,false   ,english  ,none      ,normal     ,false    ,false     ,false     ,     ,1711541488000
6603b98a1508496677d85681 ,     ,56.5  ,88.57 , 61.27 ,      55.09 ,237;5;2;0    ,words ,   50 ,-1          ,           0 ,       50.34 ,          0 ,                 0    ,false       ,false   ,english  ,none      ,normal     ,false    ,false     ,false     ,     ,1711520138000
6602c5081508496677ce8ec0 ,     ,55.03 ,91.19 , 57.84 ,      55.89 ,254;2;1;1    ,words ,   50 ,-1          ,           0 ,       55.39 ,          0 ,                 0    ,false       ,false   ,english  ,none      ,normal     ,false    ,false     ,false     ,     ,1711457544000
6602c4cf1508496677ce8c1e ,     ,47.18 ,84.03 , 53.5  ,      53.11 ,224;5;2;1    ,words ,   50 ,-1          ,           0 ,       56.97 ,          0 ,                 0    ,false       ,false   ,english  ,none      ,normal     ,false    ,false     ,false     ,     ,1711457487000
6602c4941508496677ce8942 ,     ,55.96 ,90    , 64.79 ,      55.04 ,228;5;3;3    ,words ,   50 ,-1          ,           0 ,       48.9  ,          0 ,                 0    ,false       ,false   ,english  ,none      ,normal     ,false    ,false     ,false     ,     ,1711457428000
6602c27f1508496677ce7168 ,     ,55.84 ,87.75 , 57.77 ,      56.46 ,261;3;1;0    ,words ,   50 ,-1          ,           0 ,       56.09 ,          0 ,                 0    ,false       ,false   ,english  ,none      ,normal     ,false    ,false     ,false     ,     ,1711456895000
660232401508496677c9c1b2 ,     ,52.15 ,90.91 , 52.15 ,      52.42 ,256;0;0;0    ,words ,   50 ,-1          ,           0 ,       58.9  ,          0 ,                 0    ,false       ,false   ,english  ,none      ,normal     ,false    ,false     ,false     ,     ,1711419968000
660232031508496677c9bfe2 ,     ,56.85 ,91.52 , 57.53 ,      58.17 ,253;0;0;1    ,words ,   50 ,-1          ,           2 ,       53.4  ,          0 ,                10.27 ,false       ,false   ,english  ,none      ,normal     ,false    ,false     ,false     ,     ,1711419907000
660231b31508496677c9bd6d ,     ,51.13 ,89.47 , 51.13 ,      48.3  ,284;0;0;0    ,words ,   50 ,-1          ,           2 ,       66.65 ,          0 ,                16.33 ,false       ,false   ,english  ,none      ,normal     ,false    ,false     ,false     ,     ,1711419827000
65ffe6ed8022e3e1cf47d1b1 ,     ,61.59 ,81.48 , 76.25 ,      50.41 ,42;6;1;0     ,words ,   10 ,-1          ,           0 ,        8.18 ,          0 ,                 0    ,false       ,false   ,english  ,none      ,normal     ,false    ,false     ,false     ,     ,1711269613000
65ffe6e18022e3e1cf47d158 ,true ,66.19 ,86    , 74.27 ,      66.3  ,41;2;0;0     ,words ,   10 ,-1          ,           8 ,        7.43 ,          0 ,                12.65 ,false       ,false   ,english  ,none      ,normal     ,false    ,false     ,false     ,     ,1711269601000
65ffe6ae8022e3e1cf47d00a ,true ,71.63 ,91.13 , 72.75 ,      60.44 ,255;3;0;1    ,words ,   50 ,-1          ,           1 ,       42.72 ,          0 ,                 0.41 ,false       ,false   ,english  ,none      ,normal     ,false    ,false     ,false     ,     ,1711269550000
65ffe66a8022e3e1cf47ce51 ,     ,16.76 ,90.49 , 20.11 ,      41.82 ,215;14;0;1   ,words ,   50 ,-1          ,           0 ,      153.93 ,         14 ,                 0    ,false       ,false   ,english  ,none      ,normal     ,false    ,false     ,false     ,     ,1711269482000
65ffe5ba8022e3e1cf47c9b9 ,true ,68.74 ,91.3  , 71.52 ,      63.98 ,247;3;0;2    ,words ,   50 ,-1          ,           3 ,       43.12 ,          0 ,                 3.35 ,false       ,false   ,english  ,none      ,normal     ,false    ,false     ,false     ,     ,1711269306000
65ffe5818022e3e1cf47c826 ,     ,63.34 ,94.77 , 66.03 ,      57.81 ,259;0;2;1    ,words ,   50 ,-1          ,           2 ,       49.07 ,          0 ,                 4.75 ,false       ,false   ,english  ,none      ,normal     ,false    ,false     ,false     ,     ,1711269249000
65f12530f3fe859d299f5eb8 ,true ,63.78 ,94.74 , 63.78 ,      59.72 ,265;0;0;0    ,words ,   50 ,-1          ,           1 ,       49.86 ,          0 ,                 1.05 ,false       ,false   ,english  ,none      ,normal     ,false    ,false     ,false     ,     ,1710302512000
65f124f7f3fe859d299f5cf6 ,     ,28.4  ,75    , 36.8  ,      32.74 ,71;6;2;0     ,time  ,   30 ,-1          ,           0 ,       30    ,          1 ,                 0    ,false       ,false   ,english  ,none      ,normal     ,false    ,false     ,false     ,     ,1710302455000
65f10b88f3fe859d299e8f23 ,     ,43.2  ,85.94 , 45.6  ,      52.07 ,108;2;1;0    ,time  ,   30 ,-1          ,           0 ,       30    ,          0 ,                 0    ,false       ,false   ,english  ,none      ,normal     ,false    ,false     ,false     ,     ,1710295944000
65f10b63f3fe859d299e8e07 ,     ,46.8  ,91.41 , 46.8  ,      65.28 ,117;0;0;0    ,time  ,   30 ,-1          ,           0 ,       30    ,          0 ,                 0    ,false       ,false   ,english  ,none      ,normal     ,false    ,false     ,false     ,     ,1710295907000
65f10b45f3fe859d299e8d22 ,     ,46.8  ,89.63 , 48.4  ,      52.5  ,117;0;0;1    ,time  ,   30 ,-1          ,           0 ,       30    ,          0 ,                 0    ,false       ,false   ,english  ,none      ,normal     ,false    ,false     ,false     ,     ,1710295877000
65f10b24f3fe859d299e8c0b ,     ,22.4  ,80    , 22.4  ,       7    ,56;0;0;0     ,time  ,   30 ,-1          ,           0 ,       30    ,         10 ,                 0    ,false       ,false   ,english  ,none      ,normal     ,false    ,false     ,false     ,     ,1710295844000
65f10adff3fe859d299e8a01 ,     ,61.99 ,96.3  , 61.99 ,      67.37 ,155;0;0;0    ,time  ,   30 ,-1          ,           0 ,       30    ,          0 ,                 0    ,false       ,false   ,english  ,none      ,normal     ,false    ,false     ,false     ,     ,1710295775000
65eff7e7be4ee4de75e5a6c1 ,     ,53.2  ,88.17 , 62.4  ,      55.5  ,133;5;0;1    ,time  ,   30 ,-1          ,           2 ,       30    ,          0 ,                30.69 ,false       ,false   ,english  ,none      ,normal     ,false    ,false     ,false     ,     ,1710225383000
65eff69dbe4ee4de75e59c2c ,     ,36.4  ,83.21 , 50.79 ,      53.33 ,91;9;2;5     ,time  ,   30 ,-1          ,           0 ,       30    ,          1 ,                 0    ,false       ,false   ,english  ,none      ,normal     ,false    ,false     ,false     ,     ,1710225053000
65eff666be4ee4de75e59a84 ,     ,64.4  ,95.29 , 65.6  ,      58.68 ,161;2;0;0    ,time  ,   30 ,-1          ,           0 ,       30    ,          0 ,                 0    ,false       ,false   ,english  ,none      ,normal     ,false    ,false     ,false     ,     ,1710224998000
65eff629be4ee4de75e5985e ,     ,28.8  ,79.57 , 28.8  ,      37.95 ,72;0;0;0     ,time  ,   30 ,-1          ,           0 ,       30    ,          0 ,                 0    ,false       ,false   ,english  ,wikipedia ,normal     ,false    ,false     ,false     ,     ,1710224937000
65efd285be4ee4de75e48353 ,     ,21.59 ,76.39 , 21.59 ,      41.77 ,54;0;0;0     ,time  ,   30 ,-1          ,           0 ,       30.01 ,          0 ,                 0    ,false       ,false   ,english  ,wikipedia ,normal     ,false    ,false     ,false     ,     ,1710215813000
65efd244be4ee4de75e4815f ,     ,48.4  ,90.37 , 48.4  ,      48.88 ,121;0;0;0    ,time  ,   30 ,-1          ,           1 ,       30    ,          0 ,                 5.33 ,false       ,false   ,english  ,wikipedia ,normal     ,false    ,false     ,false     ,     ,1710215748000
65efd1debe4ee4de75e47e08 ,     ,53.2  ,92    , 55.2  ,      57.76 ,133;1;0;0    ,time  ,   30 ,-1          ,           0 ,       30    ,          0 ,                 0    ,false       ,false   ,english  ,none      ,normal     ,false    ,false     ,false     ,     ,1710215646000
65efd1bebe4ee4de75e47cde ,     ,51.2  ,91.28 , 53.2  ,      60.95 ,128;1;0;0    ,time  ,   30 ,-1          ,           0 ,       30    ,          0 ,                 0    ,false       ,false   ,english  ,none      ,normal     ,false    ,false     ,false     ,     ,1710215614000
65efd19fbe4ee4de75e47bcd ,     ,47.6  ,89.93 , 54.4  ,      54.89 ,119;1;1;1    ,time  ,   30 ,-1          ,           0 ,       30    ,          0 ,                 0    ,false       ,false   ,english  ,none      ,normal     ,false    ,false     ,false     ,     ,1710215583000
65efd17ebe4ee4de75e47a92 ,     ,44.4  ,91.79 , 51.2  ,      51.47 ,111;2;0;2    ,time  ,   30 ,-1          ,           1 ,       30    ,          0 ,                 1.76 ,false       ,false   ,english  ,none      ,normal     ,false    ,false     ,false     ,     ,1710215550000
65efd151be4ee4de75e4790d ,     ,57.2  ,89.7  , 61.2  ,      66.56 ,143;6;1;0    ,time  ,   30 ,-1          ,           0 ,       30    ,          0 ,                 0    ,false       ,false   ,english  ,none      ,normal     ,false    ,false     ,false     ,     ,1710215505000
65efd131be4ee4de75e47827 ,     ,60.4  ,94.58 , 62.8  ,      59.42 ,151;0;0;1    ,time  ,   30 ,-1          ,           0 ,       30    ,          1 ,                 0    ,false       ,false   ,english  ,none      ,normal     ,false    ,false     ,false     ,     ,1710215473000
65efd10cbe4ee4de75e476f3 ,     ,56.8  ,91.02 , 62.8  ,      57.6  ,142;4;0;0    ,time  ,   30 ,-1          ,           0 ,       30    ,          0 ,                 0    ,false       ,false   ,english  ,none      ,normal     ,false    ,false     ,false     ,     ,1710215436000
65efd0e6be4ee4de75e475aa ,     ,47.2  ,88.81 , 47.2  ,      50.13 ,118;0;0;0    ,time  ,   30 ,-1          ,           0 ,       30    ,          0 ,                 0    ,false       ,false   ,english  ,none      ,normal     ,false    ,false     ,false     ,     ,1710215398000
65efd0b4be4ee4de75e4740d ,     ,48.4  ,87.42 , 55.6  ,      55.48 ,121;5;0;1    ,time  ,   30 ,-1          ,           1 ,       30    ,          0 ,                 6.51 ,false       ,false   ,english  ,none      ,normal     ,false    ,false     ,false     ,     ,1710215348000
65eee218d7bfb8ea57466aae ,     ,60.8  ,93.41 , 62.8  ,      59.41 ,152;1;0;0    ,time  ,   30 ,-1          ,           0 ,       30    ,          0 ,                 0    ,false       ,false   ,english  ,none      ,normal     ,false    ,false     ,false     ,     ,1710154264000
65eee1f9d7bfb8ea57466980 ,     ,60.8  ,89.33 , 64.4  ,      63.1  ,152;0;1;1    ,time  ,   30 ,-1          ,           0 ,       30    ,          0 ,                 0    ,false       ,false   ,english  ,none      ,normal     ,false    ,false     ,false     ,     ,1710154233000
65eee1c7d7bfb8ea574667af ,true ,70    ,98.9  , 71.99 ,      69.3  ,175;0;0;1    ,time  ,   30 ,-1          ,           0 ,       30    ,          0 ,                 0    ,false       ,false   ,english  ,none      ,normal     ,false    ,false     ,false     ,     ,1710154183000
65eee16dd7bfb8ea57466477 ,     ,58.39 ,93.13 , 59.99 ,      57.46 ,146;1;0;1    ,time  ,   30 ,-1          ,           0 ,       30    ,          1 ,                 0    ,false       ,false   ,english  ,none      ,normal     ,false    ,false     ,false     ,     ,1710154093000
65eee137d7bfb8ea57466262 ,     ,52.8  ,92.41 , 52.8  ,      49.69 ,132;0;0;0    ,time  ,   30 ,-1          ,           0 ,       30    ,          0 ,                 0    ,false       ,false   ,english  ,none      ,normal     ,false    ,false     ,false     ,     ,1710154039000
65eedffcd7bfb8ea574656d7 ,true ,62.4  ,90.43 , 72    ,      67.58 ,156;5;2;2    ,time  ,   30 ,-1          ,           1 ,       30    ,          0 ,                 3.58 ,false       ,false   ,english  ,none      ,normal     ,false    ,false     ,false     ,     ,1710153724000
65eedf61d7bfb8ea57465191 ,true ,61.99 ,96.93 , 63.59 ,      59.79 ,155;0;0;1    ,time  ,   30 ,-1          ,           0 ,       30    ,          0 ,                 0    ,false       ,false   ,english  ,none      ,normal     ,false    ,false     ,false     ,     ,1710153569000
65eedf3fd7bfb8ea5746504e ,true ,61.6  ,94.05 , 63.2  ,      65.94 ,154;0;0;1    ,time  ,   30 ,-1          ,           0 ,       30    ,          0 ,                 0    ,false       ,false   ,english  ,none      ,normal     ,false    ,false     ,false     ,     ,1710153535000
65eede76d7bfb8ea57464935 ,     ,25.6  ,84.81 , 28.4  ,      38.82 ,64;3;0;1     ,time  ,   30 ,-1          ,           0 ,       30    ,          2 ,                 0    ,false       ,false   ,english  ,none      ,normal     ,false    ,false     ,false     ,     ,1710153334000
65eede4ad7bfb8ea57464782 ,true ,56.8  ,93.51 , 58.4  ,      52.43 ,142;2;0;0    ,time  ,   30 ,-1          ,           0 ,       30    ,          0 ,                 0    ,false       ,false   ,english  ,none      ,normal     ,false    ,false     ,false     ,     ,1710153290000
65ed372cd7bfb8ea5738e390 ,true ,52.8  ,92.52 , 54    ,      58.75 ,132;0;0;1    ,time  ,   30 ,-1          ,           0 ,       30    ,          0 ,                 0    ,false       ,false   ,english  ,none      ,normal     ,false    ,false     ,false     ,     ,1710044972000
65ed3706d7bfb8ea5738e265 ,true ,51.59 ,89.26 , 53.59 ,      57.65 ,129;1;0;1    ,time  ,   30 ,-1          ,           0 ,       30    ,          0 ,                 0    ,false       ,false   ,english  ,none      ,normal     ,false    ,false     ,false     ,     ,1710044934000